"dataset","run","sample_size","original_dim","embedding_dim","representation","aumvc_normalized","aumvc_relative_mc_se","minimum_hit_count","zero_occupancy","low_occupancy","roc_auc","pr_auc","roc_delta_ambient","pr_delta_ambient","embedding_oos_stress","runtime_seconds"
"ECG200",1,200,96,5,"ambient","0.0235","0.0005","13.0000","0.0000","0.0000","0.8791","0.8796","0.0000","0.0000",,"0.6380"
"ECG200",1,200,96,5,"goix_subsampling","0.0540","0.0011","8697.0000","0.0000","0.0000","0.8956","0.8985","0.0165","0.0189",,"4.1630"
"ECG200",1,200,96,5,"mds","0.0622","0.0018","43105.0000","0.0000","0.0000","0.8379","0.7855","-0.0412","-0.0941","0.1268","1.1790"
"ECG200",1,200,96,5,"isomap","0.0533","0.0027","41648.0000","0.0000","0.0000","0.8462","0.7454","-0.0330","-0.1342","0.1193","0.1720"
"ECG200",2,200,96,5,"ambient","7.0413e-05","0.0582","0.0000","0.7578","0.7578","0.7500","0.6251","0.0000","0.0000",,"0.7460"
"ECG200",2,200,96,5,"goix_subsampling","0.0424","0.0013","4611.0000","0.0000","0.0000","0.8709","0.7464","0.1209","0.1213",,"5.0590"
"ECG200",2,200,96,5,"mds","0.0544","0.0023","37334.0000","0.0000","0.0000","0.7912","0.6220","0.0412","-0.0030","0.1415","0.0930"
"ECG200",2,200,96,5,"isomap","0.0497","0.0029","35014.0000","0.0000","0.0000","0.7885","0.5862","0.0385","-0.0389","0.1492","0.1130"
"ECG200",3,200,96,5,"ambient","0.0017","0.0127","1.0000","0.0000","0.2533","0.6621","0.6309","0.0000","0.0000",,"0.7110"
"ECG200",3,200,96,5,"goix_subsampling","0.0550","0.0012","6537.0000","0.0000","0.0000","0.7637","0.6764","0.1016","0.0455",,"5.0210"
"ECG200",3,200,96,5,"mds","0.0502","0.0025","32067.0000","0.0000","0.0000","0.6126","0.5688","-0.0495","-0.0621","0.1073","0.0950"
"ECG200",3,200,96,5,"isomap","0.0339","0.0039","16941.0000","0.0000","0.0000","0.5220","0.3822","-0.1401","-0.2487","0.1292","0.1160"
"ECG200",4,200,96,5,"ambient","7.9350e-06","0.1949","0.0000","0.2533","0.7578","0.6291","0.5742","0.0000","0.0000",,"0.6980"
"ECG200",4,200,96,5,"goix_subsampling","0.0337","0.0020","5647.0000","0.0000","0.0000","0.7637","0.6594","0.1346","0.0852",,"4.7840"
"ECG200",4,200,96,5,"mds","0.0532","0.0027","34449.0000","0.0000","0.0000","0.5714","0.5168","-0.0577","-0.0573","0.1243","0.1670"
"ECG200",4,200,96,5,"isomap","0.0436","0.0023","14336.0000","0.0000","0.0000","0.7363","0.6369","0.1071","0.0627","0.1175","0.1150"
"ECG200",5,200,96,5,"ambient","0.0472","0.0008","56.0000","0.0000","0.0000","0.7692","0.7427","0.0000","0.0000",,"0.6250"
"ECG200",5,200,96,5,"goix_subsampling","0.0659","0.0008","7063.0000","0.0000","0.0000","0.7995","0.7679","0.0302","0.0251",,"4.9510"
"ECG200",5,200,96,5,"mds","0.0816","0.0009","56205.0000","0.0000","0.0000","0.6896","0.7440","-0.0797","0.0012","0.1521","0.0860"
"ECG200",5,200,96,5,"isomap","0.0566","0.0019","22015.0000","0.0000","0.0000","0.7253","0.6833","-0.0440","-0.0595","0.1480","0.1100"
"ECG200",6,200,96,5,"ambient","0.0375","0.0012","12.0000","0.0000","0.0000","0.8077","0.7227","0.0000","0.0000",,"0.6670"
"ECG200",6,200,96,5,"goix_subsampling","0.0598","0.0010","9746.0000","0.0000","0.0000","0.8736","0.7720","0.0659","0.0492",,"4.8540"
"ECG200",6,200,96,5,"mds","0.0842","0.0010","53004.0000","0.0000","0.0000","0.8324","0.7257","0.0247","0.0030","0.1198","0.0880"
"ECG200",6,200,96,5,"isomap","0.0830","0.0009","52715.0000","0.0000","0.0000","0.8791","0.8376","0.0714","0.1149","0.1127","0.1180"
"ECG200",7,200,96,5,"ambient","0.0192","0.0035","0.0000","0.2533","0.2533","0.7225","0.6828","0.0000","0.0000",,"0.6630"
"ECG200",7,200,96,5,"goix_subsampling","0.0516","0.0012","12585.0000","0.0000","0.0000","0.7720","0.7185","0.0495","0.0357",,"4.8590"
"ECG200",7,200,96,5,"mds","0.0534","0.0026","24976.0000","0.0000","0.0000","0.6291","0.5845","-0.0934","-0.0984","0.1211","0.0890"
"ECG200",7,200,96,5,"isomap","0.0471","0.0027","15740.0000","0.0000","0.0000","0.5962","0.5953","-0.1264","-0.0875","0.1258","0.1880"
"ECG200",8,200,96,5,"ambient","0.0000",,"0.0000","1.0000","1.0000","0.7610","0.5912","0.0000","0.0000",,"0.6090"
"ECG200",8,200,96,5,"goix_subsampling","0.0276","0.0015","3412.0000","0.0000","0.0000","0.7747","0.5981","0.0137","0.0069",,"4.9360"
"ECG200",8,200,96,5,"mds","0.0285","0.0044","19138.0000","0.0000","0.0000","0.7060","0.5437","-0.0549","-0.0475","0.1483","0.0940"
"ECG200",8,200,96,5,"isomap","0.0131","0.0080","12192.0000","0.0000","0.0000","0.6236","0.4883","-0.1374","-0.1029","0.1224","0.1030"
"ECG200",9,200,96,5,"ambient","0.0005","0.0223","0.0000","0.5055","0.7578","0.7582","0.6622","0.0000","0.0000",,"0.6320"
"ECG200",9,200,96,5,"goix_subsampling","0.0335","0.0014","3000.0000","0.0000","0.0000","0.8791","0.8040","0.1209","0.1418",,"4.9570"
"ECG200",9,200,96,5,"mds","0.0508","0.0026","34610.0000","0.0000","0.0000","0.7995","0.7551","0.0412","0.0930","0.1286","0.0890"
"ECG200",9,200,96,5,"isomap","0.0516","0.0018","18315.0000","0.0000","0.0000","0.6841","0.5816","-0.0742","-0.0806","0.1192","0.1170"
"ECG200",10,200,96,5,"ambient","0.0011","0.0145","0.0000","0.7578","0.7578","0.7170","0.6869","0.0000","0.0000",,"0.6960"
"ECG200",10,200,96,5,"goix_subsampling","0.0357","0.0018","5683.0000","0.0000","0.0000","0.8269","0.7472","0.1099","0.0603",,"4.9550"
"ECG200",10,200,96,5,"mds","0.0343","0.0037","19485.0000","0.0000","0.0000","0.7555","0.7123","0.0385","0.0254","0.1289","0.0890"
"ECG200",10,200,96,5,"isomap","0.0393","0.0033","25551.0000","0.0000","0.0000","0.8516","0.8420","0.1346","0.1551","0.1073","0.1120"
"ECG200",11,200,96,5,"ambient","0.0046","0.0065","0.0000","0.7578","0.7578","0.8104","0.7831","0.0000","0.0000",,"0.6190"
"ECG200",11,200,96,5,"goix_subsampling","0.0422","0.0012","1447.0000","0.0000","0.0000","0.8434","0.8119","0.0330","0.0288",,"4.9590"
"ECG200",11,200,96,5,"mds","0.0301","0.0039","14593.0000","0.0000","0.0000","0.7610","0.7593","-0.0495","-0.0238","0.1030","0.1680"
"ECG200",11,200,96,5,"isomap","0.0184","0.0051","6098.0000","0.0000","0.0000","0.7720","0.7212","-0.0385","-0.0619","0.1437","0.1210"
"ECG200",12,200,96,5,"ambient","0.0003","0.0355","0.0000","0.2533","0.2533","0.6621","0.5730","0.0000","0.0000",,"0.6200"
"ECG200",12,200,96,5,"goix_subsampling","0.0514","0.0012","9058.0000","0.0000","0.0000","0.6827","0.5501","0.0206","-0.0229",,"4.9920"
"ECG200",12,200,96,5,"mds","0.0950","0.0004","69616.0000","0.0000","0.0000","0.6044","0.5069","-0.0577","-0.0662","0.1379","0.0970"
"ECG200",12,200,96,5,"isomap","0.0485","0.0028","28010.0000","0.0000","0.0000","0.6181","0.5357","-0.0440","-0.0373","0.1188","0.1100"
"ECG200",13,200,96,5,"ambient","0.0214","0.0011","3.0000","0.0000","0.0010","0.6016","0.4885","0.0000","0.0000",,"0.6730"
"ECG200",13,200,96,5,"goix_subsampling","0.0539","0.0010","6933.0000","0.0000","0.0000","0.7473","0.6069","0.1456","0.1184",,"4.9040"
"ECG200",13,200,96,5,"mds","0.0421","0.0030","24630.0000","0.0000","0.0000","0.6401","0.4996","0.0385","0.0111","0.1243","0.0950"
"ECG200",13,200,96,5,"isomap","0.0380","0.0034","24039.0000","0.0000","0.0000","0.6044","0.4498","0.0027","-0.0387","0.1149","0.1080"
"ECG200",14,200,96,5,"ambient","0.0740","2.3935e-05","42.0000","0.0000","0.0000","0.8846","0.7863","0.0000","0.0000",,"0.6810"
"ECG200",14,200,96,5,"goix_subsampling","0.0741","0.0006","10856.0000","0.0000","0.0000","0.8929","0.7765","0.0082","-0.0099",,"4.8820"
"ECG200",14,200,96,5,"mds","0.0907","0.0005","66303.0000","0.0000","0.0000","0.8544","0.7384","-0.0302","-0.0479","0.1132","0.0880"
"ECG200",14,200,96,5,"isomap","0.0743","0.0005","9776.0000","0.0000","0.0000","0.8791","0.7811","-0.0055","-0.0052","0.0922","0.1130"
"ECG200",15,200,96,5,"ambient","0.0003","0.0473","17.0000","0.0000","0.0000","0.8187","0.7582","0.0000","0.0000",,"0.6100"
"ECG200",15,200,96,5,"goix_subsampling","0.0533","0.0012","4318.0000","0.0000","0.0000","0.8269","0.7337","0.0082","-0.0245",,"4.9820"
"ECG200",15,200,96,5,"mds","0.0761","0.0012","42788.0000","0.0000","0.0000","0.7582","0.7381","-0.0604","-0.0201","0.1381","0.0880"
"ECG200",15,200,96,5,"isomap","0.0385","0.0032","21663.0000","0.0000","0.0000","0.7665","0.6875","-0.0522","-0.0707","0.1688","0.1100"
"ECG200",16,200,96,5,"ambient","0.0443","0.0013","373.0000","0.0000","0.0000","0.7775","0.6073","0.0000","0.0000",,"0.6340"
"ECG200",16,200,96,5,"goix_subsampling","0.0644","0.0008","10875.0000","0.0000","0.0000","0.7995","0.6153","0.0220","0.0080",,"4.9410"
"ECG200",16,200,96,5,"mds","0.0710","0.0011","38551.0000","0.0000","0.0000","0.6401","0.5991","-0.1374","-0.0082","0.1233","0.0930"
"ECG200",16,200,96,5,"isomap","0.0638","0.0014","32372.0000","0.0000","0.0000","0.7885","0.6125","0.0110","0.0052","0.1241","0.1170"
"ECG200",17,200,96,5,"ambient","0.0002","0.0356","0.0000","0.7578","0.7578","0.8104","0.7826","0.0000","0.0000",,"0.7250"
"ECG200",17,200,96,5,"goix_subsampling","0.0446","0.0013","6292.0000","0.0000","0.0000","0.8901","0.8367","0.0797","0.0541",,"5.2150"
"ECG200",17,200,96,5,"mds","0.0668","0.0019","45010.0000","0.0000","0.0000","0.8599","0.8331","0.0495","0.0505","0.1795","0.0970"
"ECG200",17,200,96,5,"isomap","0.0529","0.0023","31925.0000","0.0000","0.0000","0.8214","0.7235","0.0110","-0.0591","0.1390","0.1230"
"ECG200",18,200,96,5,"ambient","0.0022","0.0099","2.0000","0.0000","0.7578","0.8901","0.8757","0.0000","0.0000",,"0.6780"
"ECG200",18,200,96,5,"goix_subsampling","0.0529","0.0011","4140.0000","0.0000","0.0000","0.9368","0.9455","0.0467","0.0698",,"4.9200"
"ECG200",18,200,96,5,"mds","0.0409","0.0033","25626.0000","0.0000","0.0000","0.7418","0.7161","-0.1484","-0.1596","0.1129","0.0860"
"ECG200",18,200,96,5,"isomap","0.0588","0.0020","31254.0000","0.0000","0.0000","0.8544","0.8110","-0.0357","-0.0647","0.1228","0.1090"
"ECG200",19,200,96,5,"ambient","0.0326","0.0012","1.0000","0.0000","0.2533","0.7060","0.5903","0.0000","0.0000",,"0.6090"
"ECG200",19,200,96,5,"goix_subsampling","0.0613","0.0009","3311.0000","0.0000","0.0000","0.8187","0.6624","0.1126","0.0721",,"4.9200"
"ECG200",19,200,96,5,"mds","0.0778","0.0010","48192.0000","0.0000","0.0000","0.6154","0.4629","-0.0907","-0.1274","0.1018","0.1620"
"ECG200",19,200,96,5,"isomap","0.0890","0.0008","77127.0000","0.0000","0.0000","0.6978","0.4851","-0.0082","-0.1052","0.1173","0.1160"
"ECG200",20,200,96,5,"ambient","0.0487","0.0013","0.0000","0.0010","0.2533","0.7170","0.5688","0.0000","0.0000",,"0.6160"
"ECG200",20,200,96,5,"goix_subsampling","0.0592","0.0010","6250.0000","0.0000","0.0000","0.7912","0.6519","0.0742","0.0831",,"4.9620"
"ECG200",20,200,96,5,"mds","0.0537","0.0021","25090.0000","0.0000","0.0000","0.6648","0.6147","-0.0522","0.0460","0.1207","0.1680"
"ECG200",20,200,96,5,"isomap","0.0703","0.0018","36863.0000","0.0000","0.0000","0.7335","0.5156","0.0165","-0.0531","0.1065","0.1140"
"ECG200",21,200,96,5,"ambient","0.0000",,"0.0000","1.0000","1.0000","0.7060","0.7311","0.0000","0.0000",,"0.5970"
"ECG200",21,200,96,5,"goix_subsampling","0.0364","0.0020","6107.0000","0.0000","0.0000","0.7555","0.7538","0.0495","0.0227",,"4.9890"
"ECG200",21,200,96,5,"mds","0.0377","0.0037","30817.0000","0.0000","0.0000","0.7335","0.6536","0.0275","-0.0775","0.1451","0.1040"
"ECG200",21,200,96,5,"isomap","0.0282","0.0044","12716.0000","0.0000","0.0000","0.7418","0.5912","0.0357","-0.1399","0.1357","0.1150"
"ECG200",22,200,96,5,"ambient","0.0080","0.0045","0.0000","0.7578","0.7578","0.8626","0.6915","0.0000","0.0000",,"0.6790"
"ECG200",22,200,96,5,"goix_subsampling","0.0467","0.0014","6925.0000","0.0000","0.0000","0.8819","0.7949","0.0192","0.1034",,"4.7980"
"ECG200",22,200,96,5,"mds","0.0355","0.0036","24494.0000","0.0000","0.0000","0.7500","0.6035","-0.1126","-0.0879","0.1165","0.0890"
"ECG200",22,200,96,5,"isomap","0.0427","0.0029","23778.0000","0.0000","0.0000","0.8846","0.7309","0.0220","0.0395","0.1105","0.1060"
"ECG200",23,200,96,5,"ambient","0.0422","0.0011","371.0000","0.0000","0.0000","0.9258","0.8774","0.0000","0.0000",,"0.6120"
"ECG200",23,200,96,5,"goix_subsampling","0.0705","0.0009","19491.0000","0.0000","0.0000","0.9451","0.9129","0.0192","0.0355",,"4.8860"
"ECG200",23,200,96,5,"mds","0.0802","0.0011","58842.0000","0.0000","0.0000","0.8791","0.8088","-0.0467","-0.0686","0.1209","0.0840"
"ECG200",23,200,96,5,"isomap","0.0797","0.0013","60651.0000","0.0000","0.0000","0.9286","0.8781","0.0027","0.0006","0.0969","0.1090"
"ECG200",24,200,96,5,"ambient","0.0893","0.0007","70157.0000","0.0000","0.0000","0.8709","0.7488","0.0000","0.0000",,"0.6840"
"ECG200",24,200,96,5,"goix_subsampling","0.0822","0.0005","30633.0000","0.0000","0.0000","0.8860","0.7798","0.0151","0.0310",,"4.8480"
"ECG200",24,200,96,5,"mds","0.0936","0.0005","85175.0000","0.0000","0.0000","0.7802","0.5569","-0.0907","-0.1919","0.1561","0.0880"
"ECG200",24,200,96,5,"isomap","0.0932","0.0006","89321.0000","0.0000","0.0000","0.7912","0.6685","-0.0797","-0.0803","0.1863","0.1100"
"ECG200",25,200,96,5,"ambient","0.0262","0.0012","4.0000","0.0000","0.0010","0.7500","0.5837","0.0000","0.0000",,"0.6970"
"ECG200",25,200,96,5,"goix_subsampling","0.0679","0.0007","8186.0000","0.0000","0.0000","0.8146","0.6536","0.0646","0.0699",,"4.9760"
"ECG200",25,200,96,5,"mds","0.0913","0.0006","80401.0000","0.0000","0.0000","0.7060","0.6274","-0.0440","0.0437","0.1367","0.1010"
"ECG200",25,200,96,5,"isomap","0.0834","0.0008","36034.0000","0.0000","0.0000","0.7637","0.5654","0.0137","-0.0183","0.1018","0.1160"
"ECG200",26,200,96,5,"ambient","0.0477","0.0004","0.0000","0.0010","0.2533","0.8571","0.8381","0.0000","0.0000",,"0.6920"
"ECG200",26,200,96,5,"goix_subsampling","0.0635","0.0009","8701.0000","0.0000","0.0000","0.8599","0.8100","0.0027","-0.0281",,"4.8840"
"ECG200",26,200,96,5,"mds","0.0761","0.0010","42419.0000","0.0000","0.0000","0.8516","0.8115","-0.0055","-0.0267","0.1206","0.0960"
"ECG200",26,200,96,5,"isomap","0.0669","0.0014","16056.0000","0.0000","0.0000","0.8984","0.8747","0.0412","0.0365","0.1389","0.1110"
"ECG200",27,200,96,5,"ambient","3.5925e-06","0.2582","0.0000","0.7578","0.7578","0.7857","0.7091","0.0000","0.0000",,"0.6720"
"ECG200",27,200,96,5,"goix_subsampling","0.0354","0.0014","4719.0000","0.0000","0.0000","0.8571","0.7813","0.0714","0.0722",,"4.7940"
"ECG200",27,200,96,5,"mds","0.0218","0.0046","9372.0000","0.0000","0.0000","0.7280","0.6678","-0.0577","-0.0412","0.1305","0.1630"
"ECG200",27,200,96,5,"isomap","0.0198","0.0060","12848.0000","0.0000","0.0000","0.7445","0.6116","-0.0412","-0.0975","0.1045","0.1090"
"ECG200",28,200,96,5,"ambient","2.3950e-07","1.0000","0.0000","0.7578","1.0000","0.7775","0.6677","0.0000","0.0000",,"0.6250"
"ECG200",28,200,96,5,"goix_subsampling","0.0285","0.0018","1577.0000","0.0000","0.0000","0.8214","0.6497","0.0440","-0.0180",,"4.9300"
"ECG200",28,200,96,5,"mds","0.0210","0.0053","9814.0000","0.0000","0.0000","0.7692","0.7041","-0.0082","0.0363","0.1201","0.0890"
"ECG200",28,200,96,5,"isomap","0.0123","0.0067","4364.0000","0.0000","0.0000","0.8159","0.5903","0.0385","-0.0774","0.1479","0.1300"
"ECG200",29,200,96,5,"ambient","0.0490","2.7019e-05","0.0000","0.0010","0.2533","0.6291","0.5679","0.0000","0.0000",,"0.6050"
"ECG200",29,200,96,5,"goix_subsampling","0.0661","0.0007","8172.0000","0.0000","0.0000","0.6978","0.6307","0.0687","0.0628",,"4.9690"
"ECG200",29,200,96,5,"mds","0.0698","0.0016","48618.0000","0.0000","0.0000","0.6236","0.5659","-0.0055","-0.0019","0.1129","0.0940"
"ECG200",29,200,96,5,"isomap","0.0713","0.0013","39295.0000","0.0000","0.0000","0.6154","0.5455","-0.0137","-0.0223","0.0905","0.1100"
"ECG200",30,200,96,5,"ambient","0.0002","0.0393","0.0000","0.0010","0.2533","0.8819","0.7948","0.0000","0.0000",,"0.6930"
"ECG200",30,200,96,5,"goix_subsampling","0.0478","0.0012","7709.0000","0.0000","0.0000","0.9203","0.8632","0.0385","0.0685",,"4.8830"
"ECG200",30,200,96,5,"mds","0.0311","0.0041","20425.0000","0.0000","0.0000","0.8049","0.6838","-0.0769","-0.1109","0.1193","0.0900"
"ECG200",30,200,96,5,"isomap","0.0513","0.0027","23050.0000","0.0000","0.0000","0.8984","0.6877","0.0165","-0.1071","0.1366","0.1150"
"ECG200",31,200,96,5,"ambient","0.0021","0.0145","38.0000","0.0000","0.0000","0.8434","0.7190","0.0000","0.0000",,"0.6820"
"ECG200",31,200,96,5,"goix_subsampling","0.0523","0.0012","11700.0000","0.0000","0.0000","0.8324","0.6910","-0.0110","-0.0280",,"4.8060"
"ECG200",31,200,96,5,"mds","0.0550","0.0025","40994.0000","0.0000","0.0000","0.8654","0.8143","0.0220","0.0952","0.1428","0.0900"
"ECG200",31,200,96,5,"isomap","0.0371","0.0038","26487.0000","0.0000","0.0000","0.8956","0.7797","0.0522","0.0607","0.1142","0.1080"
"ECG200",32,200,96,5,"ambient","0.0489","0.0000","0.0000","0.5055","0.5055","0.8516","0.7525","0.0000","0.0000",,"0.7430"
"ECG200",32,200,96,5,"goix_subsampling","0.0616","0.0008","2562.0000","0.0000","0.0000","0.9038","0.7545","0.0522","0.0020",,"4.8500"
"ECG200",32,200,96,5,"mds","0.0663","0.0012","21787.0000","0.0000","0.0000","0.8187","0.7110","-0.0330","-0.0416","0.1286","0.0850"
"ECG200",32,200,96,5,"isomap","0.0396","0.0018","5824.0000","0.0000","0.0000","0.8681","0.7461","0.0165","-0.0064","0.1207","0.1090"
"ECG200",33,200,96,5,"ambient","0.0053","0.0101","300.0000","0.0000","0.0000","0.6758","0.5760","0.0000","0.0000",,"0.6260"
"ECG200",33,200,96,5,"goix_subsampling","0.0606","0.0011","11147.0000","0.0000","0.0000","0.6016","0.4933","-0.0742","-0.0827",,"4.9940"
"ECG200",33,200,96,5,"mds","0.0811","0.0010","63699.0000","0.0000","0.0000","0.5302","0.5242","-0.1456","-0.0518","0.1179","0.0900"
"ECG200",33,200,96,5,"isomap","0.0888","0.0007","56199.0000","0.0000","0.0000","0.7005","0.5668","0.0247","-0.0092","0.1188","0.1160"
"ECG200",34,200,96,5,"ambient","0.0397","0.0016","1735.0000","0.0000","0.0000","0.6236","0.4272","0.0000","0.0000",,"0.6810"
"ECG200",34,200,96,5,"goix_subsampling","0.0652","0.0008","12563.0000","0.0000","0.0000","0.6731","0.4505","0.0495","0.0233",,"4.8910"
"ECG200",34,200,96,5,"mds","0.0874","0.0008","70512.0000","0.0000","0.0000","0.5852","0.3994","-0.0385","-0.0278","0.1315","0.0890"
"ECG200",34,200,96,5,"isomap","0.0799","0.0011","62560.0000","0.0000","0.0000","0.6593","0.5476","0.0357","0.1204","0.1047","0.1100"
"ECG200",35,200,96,5,"ambient","0.0478","0.0006","215.0000","0.0000","0.0000","0.7802","0.6047","0.0000","0.0000",,"0.6800"
"ECG200",35,200,96,5,"goix_subsampling","0.0687","0.0007","7330.0000","0.0000","0.0000","0.8462","0.6461","0.0659","0.0414",,"4.7950"
"ECG200",35,200,96,5,"mds","0.0671","0.0015","35630.0000","0.0000","0.0000","0.7692","0.6214","-0.0110","0.0166","0.1039","0.0890"
"ECG200",35,200,96,5,"isomap","0.0832","0.0009","44014.0000","0.0000","0.0000","0.8187","0.7265","0.0385","0.1217","0.1113","0.1130"
"ECG200",36,200,96,5,"ambient","0.0168","0.0021","0.0000","0.2533","0.5055","0.8489","0.7905","0.0000","0.0000",,"0.6940"
"ECG200",36,200,96,5,"goix_subsampling","0.0485","0.0012","2814.0000","0.0000","0.0000","0.9148","0.8733","0.0659","0.0828",,"4.9410"
"ECG200",36,200,96,5,"mds","0.0849","0.0010","63875.0000","0.0000","0.0000","0.8709","0.8036","0.0220","0.0131","0.1271","0.0870"
"ECG200",36,200,96,5,"isomap","0.0362","0.0031","16289.0000","0.0000","0.0000","0.8022","0.7314","-0.0467","-0.0591","0.1270","0.1100"
"ECG200",37,200,96,5,"ambient","0.0002","0.0490","0.0000","0.2533","0.2533","0.7555","0.6380","0.0000","0.0000",,"0.6760"
"ECG200",37,200,96,5,"goix_subsampling","0.0442","0.0012","5504.0000","0.0000","0.0000","0.8201","0.6879","0.0646","0.0499",,"4.8170"
"ECG200",37,200,96,5,"mds","0.0287","0.0042","12815.0000","0.0000","0.0000","0.7555","0.5515","0.0000","-0.0865","0.1128","0.0920"
"ECG200",37,200,96,5,"isomap","0.0688","0.0013","19528.0000","0.0000","0.0000","0.7033","0.4929","-0.0522","-0.1451","0.0972","0.1130"
"ECG200",38,200,96,5,"ambient","0.0041","0.0076","0.0000","0.2533","0.5055","0.5440","0.4171","0.0000","0.0000",,"0.6750"
"ECG200",38,200,96,5,"goix_subsampling","0.0471","0.0012","4186.0000","0.0000","0.0000","0.6566","0.6028","0.1126","0.1857",,"4.9140"
"ECG200",38,200,96,5,"mds","0.0478","0.0022","15072.0000","0.0000","0.0000","0.5275","0.4387","-0.0165","0.0216","0.1097","0.1660"
"ECG200",38,200,96,5,"isomap","0.0413","0.0034","32402.0000","0.0000","0.0000","0.6566","0.4982","0.1126","0.0811","0.1296","0.1130"
"ECG200",39,200,96,5,"ambient","0.0551","0.0006","0.0000","0.0010","0.2533","0.6978","0.5826","0.0000","0.0000",,"0.6030"
"ECG200",39,200,96,5,"goix_subsampling","0.0643","0.0007","6990.0000","0.0000","0.0000","0.7665","0.5938","0.0687","0.0112",,"4.8730"
"ECG200",39,200,96,5,"mds","0.0676","0.0011","26989.0000","0.0000","0.0000","0.6209","0.5136","-0.0769","-0.0691","0.1146","0.0910"
"ECG200",39,200,96,5,"isomap","0.0890","0.0007","62030.0000","0.0000","0.0000","0.7363","0.5365","0.0385","-0.0461","0.1276","0.1090"
"ECG200",40,200,96,5,"ambient","0.0240","0.0002","0.0000","0.0010","0.5055","0.7995","0.8021","0.0000","0.0000",,"0.6640"
"ECG200",40,200,96,5,"goix_subsampling","0.0498","0.0013","5711.0000","0.0000","0.0000","0.8352","0.7523","0.0357","-0.0498",,"4.8060"
"ECG200",40,200,96,5,"mds","0.0522","0.0020","22973.0000","0.0000","0.0000","0.8022","0.7899","0.0027","-0.0123","0.1210","0.0930"
"ECG200",40,200,96,5,"isomap","0.0706","0.0014","36371.0000","0.0000","0.0000","0.7555","0.7076","-0.0440","-0.0945","0.1251","0.1840"
"ECG200",41,200,96,5,"ambient","0.0071","0.0062","367.0000","0.0000","0.0000","0.7253","0.5229","0.0000","0.0000",,"0.6460"
"ECG200",41,200,96,5,"goix_subsampling","0.0641","0.0009","19922.0000","0.0000","0.0000","0.7734","0.5561","0.0481","0.0333",,"4.9370"
"ECG200",41,200,96,5,"mds","0.0941","0.0006","90203.0000","0.0000","0.0000","0.7060","0.5140","-0.0192","-0.0089","0.1488","0.0940"
"ECG200",41,200,96,5,"isomap","0.0651","0.0021","57089.0000","0.0000","0.0000","0.7170","0.5057","-0.0082","-0.0172","0.1532","0.1110"
"ECG200",42,200,96,5,"ambient","0.0416","0.0012","50.0000","0.0000","0.0000","0.8187","0.7162","0.0000","0.0000",,"0.6790"
"ECG200",42,200,96,5,"goix_subsampling","0.0722","0.0006","14412.0000","0.0000","0.0000","0.8159","0.6883","-0.0027","-0.0279",,"4.7920"
"ECG200",42,200,96,5,"mds","0.0758","0.0012","49729.0000","0.0000","0.0000","0.7995","0.6511","-0.0192","-0.0651","0.1500","0.0900"
"ECG200",42,200,96,5,"isomap","0.0461","0.0021","22887.0000","0.0000","0.0000","0.8269","0.7316","0.0082","0.0154","0.1309","0.1090"
"ECG200",43,200,96,5,"ambient","0.0306","0.0019","0.0000","0.2533","0.5055","0.6566","0.5748","0.0000","0.0000",,"0.6360"
"ECG200",43,200,96,5,"goix_subsampling","0.0467","0.0010","2673.0000","0.0000","0.0000","0.6923","0.5906","0.0357","0.0158",,"4.9440"
"ECG200",43,200,96,5,"mds","0.0585","0.0012","8760.0000","0.0000","0.0000","0.5192","0.4978","-0.1374","-0.0770","0.1079","0.1000"
"ECG200",43,200,96,5,"isomap","0.0654","0.0013","12125.0000","0.0000","0.0000","0.6703","0.6273","0.0137","0.0525","0.1013","0.1180"
"ECG200",44,200,96,5,"ambient","0.0066","0.0052","0.0000","0.2533","0.2533","0.8489","0.7353","0.0000","0.0000",,"0.6690"
"ECG200",44,200,96,5,"goix_subsampling","0.0505","0.0013","8757.0000","0.0000","0.0000","0.8626","0.7462","0.0137","0.0109",,"4.8430"
"ECG200",44,200,96,5,"mds","0.0619","0.0021","33438.0000","0.0000","0.0000","0.8049","0.6492","-0.0440","-0.0861","0.1159","0.0910"
"ECG200",44,200,96,5,"isomap","0.0746","0.0015","52811.0000","0.0000","0.0000","0.7857","0.7129","-0.0632","-0.0223","0.1088","0.1120"
"ECG200",45,200,96,5,"ambient","7.1850e-07","0.5773","0.0000","0.7578","1.0000","0.8544","0.8210","0.0000","0.0000",,"0.6150"
"ECG200",45,200,96,5,"goix_subsampling","0.0350","0.0015","4176.0000","0.0000","0.0000","0.8736","0.8123","0.0192","-0.0087",,"4.9690"
"ECG200",45,200,96,5,"mds","0.0253","0.0045","13934.0000","0.0000","0.0000","0.8159","0.6415","-0.0385","-0.1795","0.1049","0.0950"
"ECG200",45,200,96,5,"isomap","0.0291","0.0046","12246.0000","0.0000","0.0000","0.8516","0.7249","-0.0027","-0.0961","0.1130","0.1860"
"ECG200",46,200,96,5,"ambient","0.0725","0.0011","12533.0000","0.0000","0.0000","0.6621","0.4553","0.0000","0.0000",,"0.6120"
"ECG200",46,200,96,5,"goix_subsampling","0.0741","0.0006","11768.0000","0.0000","0.0000","0.7280","0.5178","0.0659","0.0624",,"4.8640"
"ECG200",46,200,96,5,"mds","0.0731","0.0016","63893.0000","0.0000","0.0000","0.6319","0.4291","-0.0302","-0.0263","0.1153","0.0980"
"ECG200",46,200,96,5,"isomap","0.0937","0.0006","86358.0000","0.0000","0.0000","0.7363","0.5301","0.0742","0.0747","0.1374","0.1110"
"ECG200",47,200,96,5,"ambient","0.0031","0.0095","3.0000","0.0000","0.0010","0.4451","0.3275","0.0000","0.0000",,"0.7510"
"ECG200",47,200,96,5,"goix_subsampling","0.0512","0.0012","11080.0000","0.0000","0.0000","0.7143","0.4700","0.2692","0.1425",,"4.7830"
"ECG200",47,200,96,5,"mds","0.0519","0.0029","45909.0000","0.0000","0.0000","0.5385","0.3472","0.0934","0.0196","0.1140","0.1630"
"ECG200",47,200,96,5,"isomap","0.0698","0.0014","33353.0000","0.0000","0.0000","0.6786","0.4515","0.2335","0.1240","0.1236","0.1080"
"ECG200",48,200,96,5,"ambient","0.0630","0.0010","3803.0000","0.0000","0.0000","0.6978","0.5878","0.0000","0.0000",,"0.6100"
"ECG200",48,200,96,5,"goix_subsampling","0.0739","0.0006","14197.0000","0.0000","0.0000","0.7665","0.6439","0.0687","0.0561",,"4.8360"
"ECG200",48,200,96,5,"mds","0.0887","0.0007","67792.0000","0.0000","0.0000","0.7363","0.6752","0.0385","0.0874","0.1096","0.1610"
"ECG200",48,200,96,5,"isomap","0.0953","0.0004","72951.0000","0.0000","0.0000","0.6676","0.4941","-0.0302","-0.0937","0.1259","0.1170"
"ECG200",49,200,96,5,"ambient","0.0539","0.0011","2526.0000","0.0000","0.0000","0.8077","0.7581","0.0000","0.0000",,"0.6060"
"ECG200",49,200,96,5,"goix_subsampling","0.0706","0.0007","14020.0000","0.0000","0.0000","0.8159","0.7344","0.0082","-0.0237",,"4.8230"
"ECG200",49,200,96,5,"mds","0.0829","0.0009","61039.0000","0.0000","0.0000","0.7060","0.5756","-0.1016","-0.1826","0.1196","0.0920"
"ECG200",49,200,96,5,"isomap","0.0672","0.0016","49879.0000","0.0000","0.0000","0.9148","0.8947","0.1071","0.1366","0.1155","0.1110"
"ECG200",50,200,96,5,"ambient","0.0329","0.0013","492.0000","0.0000","0.0000","0.7995","0.5587","0.0000","0.0000",,"0.6730"
"ECG200",50,200,96,5,"goix_subsampling","0.0685","0.0008","11977.0000","0.0000","0.0000","0.8159","0.6749","0.0165","0.1161",,"4.8670"
"ECG200",50,200,96,5,"mds","0.0650","0.0017","42609.0000","0.0000","0.0000","0.7500","0.5080","-0.0495","-0.0508","0.1187","0.0890"
"ECG200",50,200,96,5,"isomap","0.0655","0.0014","33701.0000","0.0000","0.0000","0.7143","0.5026","-0.0852","-0.0561","0.1335","0.1080"
"Fashion-MNIST",1,1000,784,5,"ambient","1.1455e-06","0.1857","0.0000","0.9596","0.9596","0.9412","0.5989","0.0000","0.0000",,"6.2720"
"Fashion-MNIST",1,1000,784,5,"goix_subsampling","0.0357","0.0012","445.0000","0.0000","0.0000","0.9436","0.8037","0.0024","0.2048",,"11.6690"
"Fashion-MNIST",1,1000,784,5,"mds","0.0272","0.0039","11775.0000","0.0000","0.0000","0.8734","0.3531","-0.0678","-0.2459","0.3572","0.3330"
"Fashion-MNIST",1,1000,784,5,"isomap","0.0152","0.0058","3600.0000","0.0000","0.0000","0.9157","0.5773","-0.0255","-0.0216","0.1747","0.7100"
"Fashion-MNIST",2,1000,784,5,"ambient","0.0212","0.0013","0.0000","0.4551","0.4551","0.9159","0.6286","0.0000","0.0000",,"6.2350"
"Fashion-MNIST",2,1000,784,5,"goix_subsampling","0.0541","0.0009","1006.0000","0.0000","0.0000","0.9364","0.7863","0.0205","0.1577",,"11.3160"
"Fashion-MNIST",2,1000,784,5,"mds","0.0576","0.0015","18159.0000","0.0000","0.0000","0.9295","0.6900","0.0136","0.0613","0.1957","0.3700"
"Fashion-MNIST",2,1000,784,5,"isomap","0.0682","0.0013","37107.0000","0.0000","0.0000","0.9088","0.6746","-0.0072","0.0460","0.1536","0.7080"
"Fashion-MNIST",3,1000,784,5,"ambient","0.0000",,"0.0000","1.0000","1.0000","0.8718","0.3552","0.0000","0.0000",,"6.1260"
"Fashion-MNIST",3,1000,784,5,"goix_subsampling","0.0541","0.0009","358.0000","0.0000","0.0000","0.8771","0.4999","0.0053","0.1448",,"11.3280"
"Fashion-MNIST",3,1000,784,5,"mds","0.0335","0.0033","14246.0000","0.0000","0.0000","0.8925","0.5094","0.0208","0.1542","0.2723","0.3290"
"Fashion-MNIST",3,1000,784,5,"isomap","0.0030","0.0145","1008.0000","0.0000","0.0000","0.8678","0.4270","-0.0040","0.0718","0.1427","0.7230"
"Fashion-MNIST",4,1000,784,5,"ambient","0.0056","0.0013","0.0000","0.7074","0.7578","0.8712","0.3958","0.0000","0.0000",,"5.9240"
"Fashion-MNIST",4,1000,784,5,"goix_subsampling","0.0527","0.0009","405.0000","0.0000","0.0000","0.8843","0.5239","0.0130","0.1281",,"11.6120"
"Fashion-MNIST",4,1000,784,5,"mds","0.0424","0.0028","18098.0000","0.0000","0.0000","0.8412","0.4651","-0.0301","0.0693","0.1870","0.3470"
"Fashion-MNIST",4,1000,784,5,"isomap","0.0272","0.0042","10991.0000","0.0000","0.0000","0.8135","0.2985","-0.0577","-0.0973","0.1498","0.6820"
"Fashion-MNIST",5,1000,784,5,"ambient","0.0090","0.0001","0.0000","0.8083","0.8083","0.8574","0.3772","0.0000","0.0000",,"6.1920"
"Fashion-MNIST",5,1000,784,5,"goix_subsampling","0.0566","0.0008","2955.0000","0.0000","0.0000","0.8452","0.4419","-0.0122","0.0646",,"11.3140"
"Fashion-MNIST",5,1000,784,5,"mds","0.0460","0.0027","27261.0000","0.0000","0.0000","0.8553","0.4059","-0.0021","0.0287","0.1949","0.3260"
"Fashion-MNIST",5,1000,784,5,"isomap","0.0368","0.0034","19879.0000","0.0000","0.0000","0.8699","0.3708","0.0125","-0.0064","0.1467","0.6860"
"Fashion-MNIST",6,1000,784,5,"ambient","0.0074","0.0018","0.0000","0.5560","0.5560","0.8622","0.3446","0.0000","0.0000",,"6.3450"
"Fashion-MNIST",6,1000,784,5,"goix_subsampling","0.0611","0.0008","442.0000","0.0000","0.0000","0.8691","0.5494","0.0069","0.2048",,"11.3110"
"Fashion-MNIST",6,1000,784,5,"mds","0.0576","0.0019","26104.0000","0.0000","0.0000","0.8292","0.3409","-0.0330","-0.0037","0.3176","0.3610"
"Fashion-MNIST",6,1000,784,5,"isomap","0.0533","0.0020","14800.0000","0.0000","0.0000","0.8188","0.3386","-0.0434","-0.0061","0.2135","0.6960"
"Fashion-MNIST",7,1000,784,5,"ambient","0.0171","0.0011","0.0000","0.3542","0.4551","0.8726","0.3697","0.0000","0.0000",,"6.2610"
"Fashion-MNIST",7,1000,784,5,"goix_subsampling","0.0567","0.0009","1602.0000","0.0000","0.0000","0.8885","0.4978","0.0160","0.1281",,"11.4160"
"Fashion-MNIST",7,1000,784,5,"mds","0.0697","0.0015","33690.0000","0.0000","0.0000","0.7619","0.4604","-0.1107","0.0907","0.2223","0.3330"
"Fashion-MNIST",7,1000,784,5,"isomap","0.0616","0.0017","24882.0000","0.0000","0.0000","0.8125","0.4368","-0.0601","0.0672","0.1628","0.7060"
"Fashion-MNIST",8,1000,784,5,"ambient","0.0121","0.0015","0.0000","0.5560","0.6054","0.9096","0.5620","0.0000","0.0000",,"6.0730"
"Fashion-MNIST",8,1000,784,5,"goix_subsampling","0.0563","0.0009","2653.0000","0.0000","0.0000","0.8546","0.4754","-0.0549","-0.0866",,"11.6100"
"Fashion-MNIST",8,1000,784,5,"mds","0.0544","0.0020","24162.0000","0.0000","0.0000","0.8279","0.3547","-0.0817","-0.2073","0.1825","0.3560"
"Fashion-MNIST",8,1000,784,5,"isomap","0.0444","0.0028","18518.0000","0.0000","0.0000","0.8231","0.4325","-0.0865","-0.1295","0.1447","0.7060"
"Fashion-MNIST",9,1000,784,5,"ambient","0.0044","0.0012","0.0000","0.5560","0.7578","0.8550","0.3288","0.0000","0.0000",,"6.2980"
"Fashion-MNIST",9,1000,784,5,"goix_subsampling","0.0564","0.0009","447.0000","0.0000","0.0000","0.8319","0.4716","-0.0231","0.1428",,"11.5070"
"Fashion-MNIST",9,1000,784,5,"mds","0.0637","0.0016","29709.0000","0.0000","0.0000","0.8053","0.3083","-0.0497","-0.0206","0.4494","0.3470"
"Fashion-MNIST",9,1000,784,5,"isomap","0.0666","0.0015","34773.0000","0.0000","0.0000","0.8380","0.3520","-0.0170","0.0232","0.2108","0.7140"
"Fashion-MNIST",10,1000,784,5,"ambient","0.0063","0.0013","0.0000","0.8083","0.8587","0.9403","0.5280","0.0000","0.0000",,"6.2950"
"Fashion-MNIST",10,1000,784,5,"goix_subsampling","0.0449","0.0009","614.0000","0.0000","0.0000","0.9489","0.7818","0.0086","0.2538",,"11.3670"
"Fashion-MNIST",10,1000,784,5,"mds","0.0393","0.0028","14976.0000","0.0000","0.0000","0.9202","0.6220","-0.0201","0.0940","0.4179","0.4400"
"Fashion-MNIST",10,1000,784,5,"isomap","0.0248","0.0035","6464.0000","0.0000","0.0000","0.9279","0.4861","-0.0124","-0.0419","0.1542","0.7170"
"Fashion-MNIST",11,1000,784,5,"ambient","0.0092","0.0007","0.0000","0.5560","0.6559","0.8715","0.4102","0.0000","0.0000",,"6.1840"
"Fashion-MNIST",11,1000,784,5,"goix_subsampling","0.0491","0.0010","2027.0000","0.0000","0.0000","0.8688","0.6239","-0.0027","0.2137",,"11.3720"
"Fashion-MNIST",11,1000,784,5,"mds","0.0196","0.0054","9499.0000","0.0000","0.0000","0.7922","0.3333","-0.0793","-0.0769","0.1918","0.3680"
"Fashion-MNIST",11,1000,784,5,"isomap","0.0321","0.0034","11107.0000","0.0000","0.0000","0.8167","0.3484","-0.0548","-0.0618","0.1514","0.6970"
"Fashion-MNIST",12,1000,784,5,"ambient","0.0058","0.0013","0.0000","0.9092","0.9092","0.7994","0.3071","0.0000","0.0000",,"6.1920"
"Fashion-MNIST",12,1000,784,5,"goix_subsampling","0.0490","0.0010","2160.0000","0.0000","0.0000","0.8468","0.5605","0.0474","0.2533",,"11.1860"
"Fashion-MNIST",12,1000,784,5,"mds","0.0469","0.0022","18388.0000","0.0000","0.0000","0.7603","0.3713","-0.0391","0.0642","0.2396","0.3480"
"Fashion-MNIST",12,1000,784,5,"isomap","0.0119","0.0062","2298.0000","0.0000","0.0000","0.7800","0.3784","-0.0194","0.0713","0.1416","0.7010"
"Fashion-MNIST",13,1000,784,5,"ambient","0.0447","0.0005","0.0000","0.2533","0.3037","0.9072","0.4492","0.0000","0.0000",,"6.2420"
"Fashion-MNIST",13,1000,784,5,"goix_subsampling","0.0592","0.0008","515.0000","0.0000","0.0000","0.9231","0.6535","0.0160","0.2044",,"11.4410"
"Fashion-MNIST",13,1000,784,5,"mds","0.0396","0.0030","22576.0000","0.0000","0.0000","0.8704","0.5037","-0.0367","0.0545","0.2611","0.3600"
"Fashion-MNIST",13,1000,784,5,"isomap","0.0800","0.0009","45264.0000","0.0000","0.0000","0.8904","0.4499","-0.0168","0.0007","0.1531","0.7210"
"Fashion-MNIST",14,1000,784,5,"ambient","0.0010","0.0075","0.0000","0.8587","0.8587","0.9090","0.4791","0.0000","0.0000",,"6.3530"
"Fashion-MNIST",14,1000,784,5,"goix_subsampling","0.0576","0.0008","1872.0000","0.0000","0.0000","0.8880","0.4925","-0.0210","0.0134",,"11.6150"
"Fashion-MNIST",14,1000,784,5,"mds","0.0450","0.0028","23330.0000","0.0000","0.0000","0.8723","0.4670","-0.0367","-0.0121","0.5631","0.3550"
"Fashion-MNIST",14,1000,784,5,"isomap","0.0600","0.0019","33504.0000","0.0000","0.0000","0.9439","0.5605","0.0348","0.0814","0.2796","0.6980"
"Fashion-MNIST",15,1000,784,5,"ambient","0.0099","0.0008","0.0000","0.7074","0.7578","0.8486","0.4154","0.0000","0.0000",,"6.1230"
"Fashion-MNIST",15,1000,784,5,"goix_subsampling","0.0498","0.0010","561.0000","0.0000","0.0000","0.8513","0.5849","0.0027","0.1695",,"11.1960"
"Fashion-MNIST",15,1000,784,5,"mds","0.0288","0.0036","10579.0000","0.0000","0.0000","0.8138","0.4404","-0.0348","0.0250","0.1972","0.4260"
"Fashion-MNIST",15,1000,784,5,"isomap","0.0383","0.0026","10591.0000","0.0000","0.0000","0.8276","0.3880","-0.0210","-0.0274","0.1440","0.7090"
"Fashion-MNIST",16,1000,784,5,"ambient","0.0005","0.0124","0.0000","0.9092","0.9092","0.8406","0.3032","0.0000","0.0000",,"6.0690"
"Fashion-MNIST",16,1000,784,5,"goix_subsampling","0.0499","0.0009","111.0000","0.0000","0.0000","0.8691","0.5056","0.0285","0.2024",,"11.0970"
"Fashion-MNIST",16,1000,784,5,"mds","0.0248","0.0036","8208.0000","0.0000","0.0000","0.8005","0.3847","-0.0402","0.0816","0.4422","0.3360"
"Fashion-MNIST",16,1000,784,5,"isomap","0.0056","0.0088","1010.0000","0.0000","0.0000","0.7920","0.2975","-0.0487","-0.0057","0.2265","0.7060"
"Fashion-MNIST",17,1000,784,5,"ambient","0.0012","0.0048","0.0000","0.8587","0.8587","0.8508","0.4727","0.0000","0.0000",,"5.9560"
"Fashion-MNIST",17,1000,784,5,"goix_subsampling","0.0488","0.0010","511.0000","0.0000","0.0000","0.8635","0.6761","0.0128","0.2035",,"10.9350"
"Fashion-MNIST",17,1000,784,5,"mds","0.0466","0.0027","28702.0000","0.0000","0.0000","0.8686","0.6221","0.0178","0.1494","0.2819","0.3510"
"Fashion-MNIST",17,1000,784,5,"isomap","0.0042","0.0117","1032.0000","0.0000","0.0000","0.8130","0.3289","-0.0378","-0.1438","0.1446","0.6950"
"Fashion-MNIST",18,1000,784,5,"ambient","0.0041","0.0009","0.0000","0.7578","0.7578","0.8798","0.3679","0.0000","0.0000",,"6.0830"
"Fashion-MNIST",18,1000,784,5,"goix_subsampling","0.0596","0.0008","1671.0000","0.0000","0.0000","0.8766","0.5379","-0.0032","0.1700",,"11.3770"
"Fashion-MNIST",18,1000,784,5,"mds","0.0556","0.0022","29231.0000","0.0000","0.0000","0.8348","0.3377","-0.0450","-0.0303","0.2235","0.4310"
"Fashion-MNIST",18,1000,784,5,"isomap","0.0531","0.0022","27177.0000","0.0000","0.0000","0.8454","0.3274","-0.0343","-0.0405","0.1537","0.7250"
"Fashion-MNIST",19,1000,784,5,"ambient","2.8313e-05","0.0374","0.0000","0.9092","0.9596","0.9056","0.4075","0.0000","0.0000",,"6.1830"
"Fashion-MNIST",19,1000,784,5,"goix_subsampling","0.0528","0.0009","95.0000","0.0000","0.0000","0.8651","0.4667","-0.0404","0.0592",,"11.4760"
"Fashion-MNIST",19,1000,784,5,"mds","0.0383","0.0027","12970.0000","0.0000","0.0000","0.8077","0.4048","-0.0979","-0.0028","0.4290","0.3570"
"Fashion-MNIST",19,1000,784,5,"isomap","0.0181","0.0051","5587.0000","0.0000","0.0000","0.8763","0.4890","-0.0293","0.0814","0.1756","0.6880"
"Fashion-MNIST",20,1000,784,5,"ambient","0.0003","0.0109","0.0000","0.8083","0.8083","0.9125","0.4605","0.0000","0.0000",,"6.2320"
"Fashion-MNIST",20,1000,784,5,"goix_subsampling","0.0560","0.0009","659.0000","0.0000","0.0000","0.9300","0.5803","0.0176","0.1198",,"11.5200"
"Fashion-MNIST",20,1000,784,5,"mds","0.0370","0.0026","7955.0000","0.0000","0.0000","0.9018","0.6323","-0.0106","0.1718","0.1987","0.3410"
"Fashion-MNIST",20,1000,784,5,"isomap","0.0276","0.0029","4217.0000","0.0000","0.0000","0.9258","0.6606","0.0133","0.2001","0.1692","0.7850"
"Fashion-MNIST",21,1000,784,5,"ambient","0.0072","0.0014","0.0000","0.7074","0.8083","0.8803","0.3416","0.0000","0.0000",,"6.1790"
"Fashion-MNIST",21,1000,784,5,"goix_subsampling","0.0499","0.0010","169.0000","0.0000","0.0000","0.8957","0.5488","0.0154","0.2072",,"11.4390"
"Fashion-MNIST",21,1000,784,5,"mds","0.0631","0.0016","30734.0000","0.0000","0.0000","0.8239","0.3109","-0.0564","-0.0307","0.1886","0.4240"
"Fashion-MNIST",21,1000,784,5,"isomap","0.0319","0.0038","17736.0000","0.0000","0.0000","0.7835","0.3088","-0.0968","-0.0328","0.1450","0.7110"
"Fashion-MNIST",22,1000,784,5,"ambient","0.0195","0.0024","0.0000","0.4551","0.4551","0.8726","0.3153","0.0000","0.0000",,"6.0110"
"Fashion-MNIST",22,1000,784,5,"goix_subsampling","0.0558","0.0008","5066.0000","0.0000","0.0000","0.8694","0.3932","-0.0032","0.0780",,"11.3550"
"Fashion-MNIST",22,1000,784,5,"mds","0.0532","0.0025","30540.0000","0.0000","0.0000","0.8992","0.4201","0.0266","0.1049","0.1960","0.3620"
"Fashion-MNIST",22,1000,784,5,"isomap","0.0308","0.0029","8339.0000","0.0000","0.0000","0.8699","0.3791","-0.0027","0.0638","0.1540","0.7050"
"Fashion-MNIST",23,1000,784,5,"ambient","0.0034","0.0022","0.0000","0.8083","0.8587","0.8569","0.5325","0.0000","0.0000",,"6.1930"
"Fashion-MNIST",23,1000,784,5,"goix_subsampling","0.0504","0.0011","1214.0000","0.0000","0.0000","0.8816","0.6116","0.0247","0.0791",,"11.3520"
"Fashion-MNIST",23,1000,784,5,"mds","0.0254","0.0037","8343.0000","0.0000","0.0000","0.8446","0.5963","-0.0122","0.0638","0.3538","0.4350"
"Fashion-MNIST",23,1000,784,5,"isomap","0.0360","0.0031","11265.0000","0.0000","0.0000","0.9053","0.5122","0.0484","-0.0203","0.1917","0.7120"
"Fashion-MNIST",24,1000,784,5,"ambient","0.0140","4.5275e-05","0.0000","0.8083","0.8083","0.8710","0.3781","0.0000","0.0000",,"6.2180"
"Fashion-MNIST",24,1000,784,5,"goix_subsampling","0.0468","0.0011","93.0000","0.0000","0.0000","0.9013","0.6097","0.0303","0.2316",,"11.5400"
"Fashion-MNIST",24,1000,784,5,"mds","0.0273","0.0040","11159.0000","0.0000","0.0000","0.8547","0.4191","-0.0162","0.0409","0.2575","0.3600"
"Fashion-MNIST",24,1000,784,5,"isomap","0.0051","0.0063","389.0000","0.0000","0.0000","0.8973","0.4257","0.0263","0.0476","0.1627","0.7090"
"Fashion-MNIST",25,1000,784,5,"ambient","0.0103","0.0013","0.0000","0.5560","0.6559","0.8739","0.3940","0.0000","0.0000",,"5.9020"
"Fashion-MNIST",25,1000,784,5,"goix_subsampling","0.0571","0.0008","1046.0000","0.0000","0.0000","0.8965","0.5054","0.0226","0.1114",,"11.4110"
"Fashion-MNIST",25,1000,784,5,"mds","0.0494","0.0025","26006.0000","0.0000","0.0000","0.8228","0.4559","-0.0511","0.0619","0.4073","0.3650"
"Fashion-MNIST",25,1000,784,5,"isomap","0.0577","0.0020","29377.0000","0.0000","0.0000","0.7592","0.3262","-0.1147","-0.0678","0.1829","0.7180"
"Fashion-MNIST",26,1000,784,5,"ambient","0.0136","0.0008","0.0000","0.5560","0.5560","0.9080","0.4551","0.0000","0.0000",,"6.0640"
"Fashion-MNIST",26,1000,784,5,"goix_subsampling","0.0544","0.0009","2106.0000","0.0000","0.0000","0.8933","0.5578","-0.0146","0.1026",,"11.3190"
"Fashion-MNIST",26,1000,784,5,"mds","0.0514","0.0021","24972.0000","0.0000","0.0000","0.9292","0.6791","0.0213","0.2240","0.1890","0.3700"
"Fashion-MNIST",26,1000,784,5,"isomap","0.0576","0.0017","21928.0000","0.0000","0.0000","0.9026","0.5186","-0.0053","0.0634","0.1552","0.7220"
"Fashion-MNIST",27,1000,784,5,"ambient","0.0272","0.0003","0.0000","0.6054","0.6559","0.8763","0.3243","0.0000","0.0000",,"6.1590"
"Fashion-MNIST",27,1000,784,5,"goix_subsampling","0.0546","0.0009","2848.0000","0.0000","0.0000","0.9260","0.6135","0.0497","0.2892",,"11.4740"
"Fashion-MNIST",27,1000,784,5,"mds","0.0606","0.0018","34227.0000","0.0000","0.0000","0.8798","0.3956","0.0035","0.0712","0.1997","0.3470"
"Fashion-MNIST",27,1000,784,5,"isomap","0.0487","0.0019","17260.0000","0.0000","0.0000","0.8571","0.3163","-0.0192","-0.0080","0.1505","0.6740"
"Fashion-MNIST",28,1000,784,5,"ambient","0.0123","0.0021","0.0000","0.5560","0.6559","0.8768","0.3590","0.0000","0.0000",,"6.4310"
"Fashion-MNIST",28,1000,784,5,"goix_subsampling","0.0543","0.0010","3121.0000","0.0000","0.0000","0.8691","0.4156","-0.0077","0.0567",,"11.4070"
"Fashion-MNIST",28,1000,784,5,"mds","0.0426","0.0027","16792.0000","0.0000","0.0000","0.8715","0.4247","-0.0053","0.0657","0.1899","0.3620"
"Fashion-MNIST",28,1000,784,5,"isomap","0.0440","0.0025","17836.0000","0.0000","0.0000","0.8657","0.3591","-0.0112","0.0001","0.1445","0.7160"
"Fashion-MNIST",29,1000,784,5,"ambient","0.0043","0.0040","0.0000","0.6559","0.6559","0.8845","0.3644","0.0000","0.0000",,"6.0920"
"Fashion-MNIST",29,1000,784,5,"goix_subsampling","0.0628","0.0008","455.0000","0.0000","0.0000","0.8907","0.6398","0.0061","0.2754",,"11.4240"
"Fashion-MNIST",29,1000,784,5,"mds","0.0549","0.0023","38236.0000","0.0000","0.0000","0.8681","0.4684","-0.0165","0.1040","0.3937","0.3450"
"Fashion-MNIST",29,1000,784,5,"isomap","0.0279","0.0038","11748.0000","0.0000","0.0000","0.7904","0.2734","-0.0942","-0.0910","0.1857","0.6890"
"Fashion-MNIST",30,1000,784,5,"ambient","0.0039","0.0010","0.0000","0.7578","0.8083","0.9002","0.4255","0.0000","0.0000",,"5.9720"
"Fashion-MNIST",30,1000,784,5,"goix_subsampling","0.0507","0.0011","1967.0000","0.0000","0.0000","0.9130","0.6173","0.0128","0.1919",,"11.2590"
"Fashion-MNIST",30,1000,784,5,"mds","0.0283","0.0041","15767.0000","0.0000","0.0000","0.7866","0.2502","-0.1136","-0.1753","0.2745","0.3400"
"Fashion-MNIST",30,1000,784,5,"isomap","0.0309","0.0036","8821.0000","0.0000","0.0000","0.7906","0.3382","-0.1096","-0.0873","0.1568","0.6900"
"Fashion-MNIST",31,1000,784,5,"ambient","0.0008","0.0110","0.0000","0.6054","0.6054","0.8667","0.3620","0.0000","0.0000",,"6.0670"
"Fashion-MNIST",31,1000,784,5,"goix_subsampling","0.0515","0.0009","273.0000","0.0000","0.0000","0.8840","0.6106","0.0173","0.2485",,"11.6340"
"Fashion-MNIST",31,1000,784,5,"mds","0.0386","0.0029","14114.0000","0.0000","0.0000","0.8212","0.5474","-0.0455","0.1853","0.2297","0.3500"
"Fashion-MNIST",31,1000,784,5,"isomap","0.0350","0.0034","11958.0000","0.0000","0.0000","0.8247","0.3451","-0.0420","-0.0170","0.1523","0.6960"
"Fashion-MNIST",32,1000,784,5,"ambient","0.0177","0.0010","0.0000","0.5560","0.5560","0.8726","0.4662","0.0000","0.0000",,"6.0390"
"Fashion-MNIST",32,1000,784,5,"goix_subsampling","0.0612","0.0007","971.0000","0.0000","0.0000","0.8675","0.5305","-0.0051","0.0643",,"11.3740"
"Fashion-MNIST",32,1000,784,5,"mds","0.0471","0.0025","15700.0000","0.0000","0.0000","0.8614","0.4691","-0.0112","0.0029","0.1845","0.3720"
"Fashion-MNIST",32,1000,784,5,"isomap","0.0514","0.0019","17213.0000","0.0000","0.0000","0.8821","0.4582","0.0096","-0.0080","0.1376","0.7040"
"Fashion-MNIST",33,1000,784,5,"ambient","0.0004","0.0102","0.0000","0.8083","0.9092","0.9162","0.4825","0.0000","0.0000",,"6.0740"
"Fashion-MNIST",33,1000,784,5,"goix_subsampling","0.0580","0.0008","1183.0000","0.0000","0.0000","0.9324","0.7149","0.0162","0.2324",,"11.2080"
"Fashion-MNIST",33,1000,784,5,"mds","0.0499","0.0023","24321.0000","0.0000","0.0000","0.9154","0.7229","-0.0008","0.2404","0.5714","0.4170"
"Fashion-MNIST",33,1000,784,5,"isomap","0.0273","0.0039","11640.0000","0.0000","0.0000","0.8710","0.4615","-0.0452","-0.0210","0.1982","0.7080"
"Fashion-MNIST",34,1000,784,5,"ambient","0.0077","0.0010","0.0000","0.8587","0.8587","0.8880","0.4719","0.0000","0.0000",,"6.1370"
"Fashion-MNIST",34,1000,784,5,"goix_subsampling","0.0477","0.0010","15.0000","0.0000","0.0000","0.9016","0.5256","0.0136","0.0536",,"11.2480"
"Fashion-MNIST",34,1000,784,5,"mds","0.0415","0.0024","12398.0000","0.0000","0.0000","0.8468","0.3683","-0.0412","-0.1036","0.1903","0.3280"
"Fashion-MNIST",34,1000,784,5,"isomap","0.0410","0.0022","9598.0000","0.0000","0.0000","0.8273","0.3659","-0.0607","-0.1061","0.1505","0.7280"
"Fashion-MNIST",35,1000,784,5,"ambient","0.0150","0.0011","0.0000","0.7074","0.7074","0.9154","0.4429","0.0000","0.0000",,"6.2430"
"Fashion-MNIST",35,1000,784,5,"goix_subsampling","0.0482","0.0010","1489.0000","0.0000","0.0000","0.9517","0.7124","0.0363","0.2695",,"11.4260"
"Fashion-MNIST",35,1000,784,5,"mds","0.0430","0.0025","19262.0000","0.0000","0.0000","0.8896","0.5412","-0.0258","0.0983","0.4272","0.3710"
"Fashion-MNIST",35,1000,784,5,"isomap","0.0408","0.0027","12541.0000","0.0000","0.0000","0.9032","0.5656","-0.0122","0.1227","0.2599","0.7180"
"Fashion-MNIST",36,1000,784,5,"ambient","0.0090","1.9350e-05","0.0000","0.8587","0.8587","0.8611","0.3179","0.0000","0.0000",,"6.3690"
"Fashion-MNIST",36,1000,784,5,"goix_subsampling","0.0586","0.0009","4406.0000","0.0000","0.0000","0.9125","0.6281","0.0513","0.3102",,"11.6750"
"Fashion-MNIST",36,1000,784,5,"mds","0.0331","0.0033","14546.0000","0.0000","0.0000","0.7872","0.2278","-0.0740","-0.0901","0.3904","0.3480"
"Fashion-MNIST",36,1000,784,5,"isomap","0.0122","0.0051","2289.0000","0.0000","0.0000","0.7968","0.2736","-0.0644","-0.0443","0.1765","0.7760"
"Fashion-MNIST",37,1000,784,5,"ambient","0.0009","0.0095","0.0000","0.7578","0.7578","0.9045","0.3972","0.0000","0.0000",,"5.9980"
"Fashion-MNIST",37,1000,784,5,"goix_subsampling","0.0547","0.0009","2008.0000","0.0000","0.0000","0.9109","0.5775","0.0064","0.1803",,"11.5910"
"Fashion-MNIST",37,1000,784,5,"mds","0.0322","0.0039","18261.0000","0.0000","0.0000","0.8585","0.4161","-0.0460","0.0189","0.1806","0.3430"
"Fashion-MNIST",37,1000,784,5,"isomap","0.0204","0.0045","6705.0000","0.0000","0.0000","0.8047","0.3402","-0.0998","-0.0570","0.1476","0.6970"
"Fashion-MNIST",38,1000,784,5,"ambient","0.0118","0.0012","0.0000","0.6054","0.6054","0.8702","0.3897","0.0000","0.0000",,"6.3260"
"Fashion-MNIST",38,1000,784,5,"goix_subsampling","0.0484","0.0010","1130.0000","0.0000","0.0000","0.9021","0.6299","0.0319","0.2401",,"11.5990"
"Fashion-MNIST",38,1000,784,5,"mds","0.0555","0.0019","26906.0000","0.0000","0.0000","0.8151","0.4982","-0.0551","0.1084","0.5953","0.3620"
"Fashion-MNIST",38,1000,784,5,"isomap","0.0316","0.0027","6777.0000","0.0000","0.0000","0.8119","0.3716","-0.0583","-0.0181","0.1868","0.7040"
"Fashion-MNIST",39,1000,784,5,"ambient","0.0166","0.0012","0.0000","0.6054","0.6559","0.8997","0.3853","0.0000","0.0000",,"6.1420"
"Fashion-MNIST",39,1000,784,5,"goix_subsampling","0.0510","0.0010","1150.0000","0.0000","0.0000","0.9046","0.5369","0.0049","0.1516",,"11.6170"
"Fashion-MNIST",39,1000,784,5,"mds","0.0454","0.0025","21008.0000","0.0000","0.0000","0.8665","0.4752","-0.0333","0.0899","0.3020","0.3460"
"Fashion-MNIST",39,1000,784,5,"isomap","0.0642","0.0013","18738.0000","0.0000","0.0000","0.8638","0.4549","-0.0359","0.0696","0.1803","0.7100"
"Fashion-MNIST",40,1000,784,5,"ambient","0.0282","0.0013","0.0000","0.3037","0.3037","0.9157","0.5694","0.0000","0.0000",,"5.9350"
"Fashion-MNIST",40,1000,784,5,"goix_subsampling","0.0624","0.0008","3975.0000","0.0000","0.0000","0.9255","0.7112","0.0098","0.1418",,"11.0050"
"Fashion-MNIST",40,1000,784,5,"mds","0.0547","0.0021","28700.0000","0.0000","0.0000","0.9266","0.6845","0.0109","0.1151","0.1957","0.3640"
"Fashion-MNIST",40,1000,784,5,"isomap","0.0532","0.0021","20552.0000","0.0000","0.0000","0.8665","0.5076","-0.0492","-0.0618","0.1468","0.7860"
"Fashion-MNIST",41,1000,784,5,"ambient","0.0061","0.0030","0.0000","0.7578","0.8083","0.8643","0.4096","0.0000","0.0000",,"6.0610"
"Fashion-MNIST",41,1000,784,5,"goix_subsampling","0.0489","0.0011","1550.0000","0.0000","0.0000","0.8569","0.5078","-0.0074","0.0982",,"11.5400"
"Fashion-MNIST",41,1000,784,5,"mds","0.0418","0.0029","21077.0000","0.0000","0.0000","0.8242","0.5026","-0.0402","0.0930","0.3294","0.4270"
"Fashion-MNIST",41,1000,784,5,"isomap","0.0523","0.0023","27267.0000","0.0000","0.0000","0.8970","0.4499","0.0327","0.0403","0.2140","0.7220"
"Fashion-MNIST",42,1000,784,5,"ambient","0.0012","0.0049","0.0000","0.7074","0.7578","0.7978","0.3135","0.0000","0.0000",,"6.1710"
"Fashion-MNIST",42,1000,784,5,"goix_subsampling","0.0569","0.0007","476.0000","0.0000","0.0000","0.7756","0.3962","-0.0222","0.0828",,"11.5040"
"Fashion-MNIST",42,1000,784,5,"mds","0.0543","0.0022","30054.0000","0.0000","0.0000","0.8021","0.5424","0.0043","0.2289","0.7243","0.3590"
"Fashion-MNIST",42,1000,784,5,"isomap","0.0203","0.0049","8581.0000","0.0000","0.0000","0.7789","0.3431","-0.0189","0.0297","0.1414","0.7240"
"Fashion-MNIST",43,1000,784,5,"ambient","0.0040","5.0619e-05","0.0000","0.9092","0.9092","0.9061","0.4612","0.0000","0.0000",,"6.3110"
"Fashion-MNIST",43,1000,784,5,"goix_subsampling","0.0548","0.0009","2608.0000","0.0000","0.0000","0.8962","0.6816","-0.0098","0.2203",,"11.5430"
"Fashion-MNIST",43,1000,784,5,"mds","0.0506","0.0022","20106.0000","0.0000","0.0000","0.9457","0.7132","0.0396","0.2519","0.3454","0.3380"
"Fashion-MNIST",43,1000,784,5,"isomap","0.0255","0.0037","4988.0000","0.0000","0.0000","0.9274","0.4787","0.0213","0.0175","0.1800","0.7110"
"Fashion-MNIST",44,1000,784,5,"ambient","3.0250e-06","0.1580","0.0000","0.8587","0.9092","0.8845","0.3608","0.0000","0.0000",,"6.0360"
"Fashion-MNIST",44,1000,784,5,"goix_subsampling","0.0542","0.0009","268.0000","0.0000","0.0000","0.8978","0.5884","0.0133","0.2276",,"11.3180"
"Fashion-MNIST",44,1000,784,5,"mds","0.0331","0.0032","14413.0000","0.0000","0.0000","0.7938","0.3166","-0.0907","-0.0442","0.3500","0.3520"
"Fashion-MNIST",44,1000,784,5,"isomap","0.0032","0.0129","1079.0000","0.0000","0.0000","0.8683","0.3670","-0.0162","0.0062","0.1767","0.6770"
"Fashion-MNIST",45,1000,784,5,"ambient","0.0181","0.0007","0.0000","0.6559","0.7578","0.8547","0.3513","0.0000","0.0000",,"5.8790"
"Fashion-MNIST",45,1000,784,5,"goix_subsampling","0.0520","0.0009","3143.0000","0.0000","0.0000","0.8590","0.5070","0.0043","0.1558",,"11.4280"
"Fashion-MNIST",45,1000,784,5,"mds","0.0248","0.0045","13481.0000","0.0000","0.0000","0.8271","0.3698","-0.0277","0.0185","0.4676","0.3290"
"Fashion-MNIST",45,1000,784,5,"isomap","0.0410","0.0026","18570.0000","0.0000","0.0000","0.8454","0.3979","-0.0093","0.0467","0.1645","0.6880"
"Fashion-MNIST",46,1000,784,5,"ambient","0.0244","0.0002","0.0000","0.5560","0.5560","0.9042","0.4610","0.0000","0.0000",,"6.4690"
"Fashion-MNIST",46,1000,784,5,"goix_subsampling","0.0525","0.0009","1488.0000","0.0000","0.0000","0.9533","0.7982","0.0491","0.3372",,"11.4640"
"Fashion-MNIST",46,1000,784,5,"mds","0.0384","0.0029","19354.0000","0.0000","0.0000","0.9260","0.5159","0.0218","0.0550","0.2016","0.3540"
"Fashion-MNIST",46,1000,784,5,"isomap","0.0593","0.0014","17779.0000","0.0000","0.0000","0.9282","0.5334","0.0239","0.0724","0.1470","0.7180"
"Fashion-MNIST",47,1000,784,5,"ambient","0.0135","0.0013","0.0000","0.6559","0.6559","0.8510","0.3366","0.0000","0.0000",,"6.2880"
"Fashion-MNIST",47,1000,784,5,"goix_subsampling","0.0552","0.0009","394.0000","0.0000","0.0000","0.8711","0.5226","0.0201","0.1859",,"11.4230"
"Fashion-MNIST",47,1000,784,5,"mds","0.0441","0.0025","14834.0000","0.0000","0.0000","0.7300","0.2738","-0.1210","-0.0629","0.1895","0.3520"
"Fashion-MNIST",47,1000,784,5,"isomap","0.0583","0.0019","28732.0000","0.0000","0.0000","0.8013","0.2989","-0.0497","-0.0377","0.1477","0.7000"
"Fashion-MNIST",48,1000,784,5,"ambient","0.0040","6.8146e-05","0.0000","0.8587","0.9092","0.9032","0.4262","0.0000","0.0000",,"6.2860"
"Fashion-MNIST",48,1000,784,5,"goix_subsampling","0.0506","0.0010","34.0000","0.0000","0.0000","0.9090","0.6543","0.0059","0.2281",,"11.3530"
"Fashion-MNIST",48,1000,784,5,"mds","0.0300","0.0034","12198.0000","0.0000","0.0000","0.7656","0.2546","-0.1375","-0.1715","0.6252","0.3600"
"Fashion-MNIST",48,1000,784,5,"isomap","0.0394","0.0029","18370.0000","0.0000","0.0000","0.8119","0.3081","-0.0912","-0.1180","0.1305","0.7010"
"Fashion-MNIST",49,1000,784,5,"ambient","0.0129","0.0008","0.0000","0.7074","0.7578","0.8936","0.3863","0.0000","0.0000",,"5.9850"
"Fashion-MNIST",49,1000,784,5,"goix_subsampling","0.0550","0.0008","54.0000","0.0000","0.0000","0.9000","0.6726","0.0064","0.2863",,"11.4600"
"Fashion-MNIST",49,1000,784,5,"mds","0.0455","0.0024","17402.0000","0.0000","0.0000","0.8611","0.4952","-0.0325","0.1089","0.5101","0.3590"
"Fashion-MNIST",49,1000,784,5,"isomap","0.0260","0.0032","2783.0000","0.0000","0.0000","0.8883","0.4382","-0.0053","0.0519","0.2102","0.7190"
"Fashion-MNIST",50,1000,784,5,"ambient","0.0118","0.0010","0.0000","0.5560","0.6559","0.9324","0.4898","0.0000","0.0000",,"6.0690"
"Fashion-MNIST",50,1000,784,5,"goix_subsampling","0.0610","0.0008","123.0000","0.0000","0.0000","0.9227","0.6684","-0.0097","0.1786",,"11.4770"
"Fashion-MNIST",50,1000,784,5,"mds","0.0402","0.0026","16339.0000","0.0000","0.0000","0.8821","0.4771","-0.0503","-0.0126","0.6329","0.3520"
"Fashion-MNIST",50,1000,784,5,"isomap","0.0436","0.0024","9075.0000","0.0000","0.0000","0.9197","0.4824","-0.0128","-0.0074","0.2972","0.7200"
"Shuttle",1,1000,9,5,"ambient","0.0176","0.0026","1087.0000","0.0000","0.0000","0.9900","0.7697","0.0000","0.0000",,"0.2710"
"Shuttle",1,1000,9,5,"goix_subsampling","0.0297","0.0011","703.0000","0.0000","0.0000","0.9885","0.9476","-0.0015","0.1779",,"11.3740"
"Shuttle",1,1000,9,5,"mds","0.0146","0.0014","285.0000","0.0000","0.0000","0.9901","0.7853","0.0002","0.0156","0.1610","0.2650"
"Shuttle",1,1000,9,5,"isomap","0.0141","0.0004","32.0000","0.0000","0.0000","0.9828","0.7044","-0.0071","-0.0653","0.1054","0.6240"
"Shuttle",2,1000,9,5,"ambient","0.0469","0.0015","11157.0000","0.0000","0.0000","0.9896","0.7558","0.0000","0.0000",,"0.2890"
"Shuttle",2,1000,9,5,"goix_subsampling","0.0484","0.0007","2485.0000","0.0000","0.0000","0.9966","0.9519","0.0070","0.1961",,"11.6410"
"Shuttle",2,1000,9,5,"mds","0.0585","0.0014","22087.0000","0.0000","0.0000","0.9875","0.7286","-0.0021","-0.0273","0.0878","0.2330"
"Shuttle",2,1000,9,5,"isomap","0.0561","0.0012","14538.0000","0.0000","0.0000","0.9786","0.6568","-0.0110","-0.0990","0.0862","0.6150"
"Shuttle",3,1000,9,5,"ambient","0.0188","0.0028","1507.0000","0.0000","0.0000","0.9916","0.7675","0.0000","0.0000",,"0.2780"
"Shuttle",3,1000,9,5,"goix_subsampling","0.0269","0.0012","2067.0000","0.0000","0.0000","1.0000","1.0000","0.0084","0.2325",,"11.7220"
"Shuttle",3,1000,9,5,"mds","0.0333","0.0027","8935.0000","0.0000","0.0000","0.9843","0.6922","-0.0073","-0.0753","0.0978","0.2450"
"Shuttle",3,1000,9,5,"isomap","0.0253","0.0026","4474.0000","0.0000","0.0000","0.9708","0.5876","-0.0207","-0.1799","0.1521","0.6040"
"Shuttle",4,1000,9,5,"ambient","0.0057","0.0051","212.0000","0.0000","0.0000","0.9893","0.7563","0.0000","0.0000",,"0.2770"
"Shuttle",4,1000,9,5,"goix_subsampling","0.0151","0.0017","256.0000","0.0000","0.0000","0.9932","0.9141","0.0039","0.1578",,"11.7740"
"Shuttle",4,1000,9,5,"mds","0.0061","0.0059","332.0000","0.0000","0.0000","0.9825","0.7000","-0.0068","-0.0563","0.0616","0.2490"
"Shuttle",4,1000,9,5,"isomap","0.0040","0.0009","8.0000","0.0000","0.1019","0.9156","0.3810","-0.0737","-0.3753","0.0992","0.6410"
"Shuttle",5,1000,9,5,"ambient","5.9705e-05","0.0433","1.0000","0.0000","0.6054","0.9889","0.6963","0.0000","0.0000",,"0.2780"
"Shuttle",5,1000,9,5,"goix_subsampling","0.0060","0.0016","2.0000","0.0000","0.0860","1.0000","1.0000","0.0111","0.3037",,"11.3960"
"Shuttle",5,1000,9,5,"mds","3.9500e-08","1.0000","0.0000","0.9596","1.0000","0.9854","0.6500","-0.0035","-0.0463","0.1299","0.2230"
"Shuttle",5,1000,9,5,"isomap","0.0000",,"0.0000","1.0000","1.0000","0.9854","0.6560","-0.0035","-0.0403","0.0974","0.5640"
"Shuttle",6,1000,9,5,"ambient","0.0077","0.0060","388.0000","0.0000","0.0000","0.9947","0.7671","0.0000","0.0000",,"0.2890"
"Shuttle",6,1000,9,5,"goix_subsampling","0.0182","0.0009","582.0000","0.0000","0.0000","1.0000","1.0000","0.0053","0.2329",,"11.5650"
"Shuttle",6,1000,9,5,"mds","0.0099","0.0063","1876.0000","0.0000","0.0000","0.9947","0.7671","0.0000","0.0000","0.0559","0.2440"
"Shuttle",6,1000,9,5,"isomap","0.0087","0.0069","1991.0000","0.0000","0.0000","0.9947","0.7671","0.0000","0.0000","0.2180","0.5930"
"Shuttle",7,1000,9,5,"ambient","0.0317","0.0021","964.0000","0.0000","0.0000","1.0000","1.0000","0.0000","0.0000",,"0.2850"
"Shuttle",7,1000,9,5,"goix_subsampling","0.0378","0.0010","1490.0000","0.0000","0.0000","1.0000","1.0000","0.0000","0.0000",,"11.8470"
"Shuttle",7,1000,9,5,"mds","0.0423","0.0022","7849.0000","0.0000","0.0000","1.0000","1.0000","0.0000","0.0000","0.1000","0.2650"
"Shuttle",7,1000,9,5,"isomap","0.0260","0.0025","3341.0000","0.0000","0.0000","0.9942","0.9044","-0.0058","-0.0956","0.0258","0.6280"
"Shuttle",8,1000,9,5,"ambient","0.0140","0.0001","2.0000","0.0000","0.7578","0.9881","0.7481","0.0000","0.0000",,"0.2900"
"Shuttle",8,1000,9,5,"goix_subsampling","0.0112","0.0006","0.0000","0.0243","0.2161","0.9976","0.9770","0.0095","0.2288",,"11.2170"
"Shuttle",8,1000,9,5,"mds","0.0139","0.0000","0.0000","0.8587","0.8587","0.9588","0.5682","-0.0293","-0.1799","0.1124","0.2250"
"Shuttle",8,1000,9,5,"isomap","0.0139","0.0000","0.0000","0.8587","0.8587","0.7940","0.2076","-0.1941","-0.5405","0.0927","0.6010"
"Shuttle",9,1000,9,5,"ambient","0.0140","3.0437e-05","0.0000","0.6559","0.8083","0.9900","0.7697","0.0000","0.0000",,"0.2650"
"Shuttle",9,1000,9,5,"goix_subsampling","0.0085","0.0004","0.0000","0.0112","0.2062","0.9922","0.9627","0.0022","0.1929",,"11.6650"
"Shuttle",9,1000,9,5,"mds","0.0140","5.0688e-06","0.0000","0.8083","0.8587","0.9900","0.7697","0.0000","0.0000","0.0406","0.3190"
"Shuttle",9,1000,9,5,"isomap","0.0139","0.0000","0.0000","0.8587","0.8587","0.9686","0.5674","-0.0214","-0.2023","0.0494","0.5870"
"Shuttle",10,1000,9,5,"ambient","0.0055","0.0045","112.0000","0.0000","0.0000","0.9892","0.7001","0.0000","0.0000",,"0.2970"
"Shuttle",10,1000,9,5,"goix_subsampling","0.0130","0.0019","198.0000","0.0000","0.0000","0.9946","0.8011","0.0054","0.1010",,"11.7350"
"Shuttle",10,1000,9,5,"mds","0.0057","0.0052","347.0000","0.0000","0.0000","0.9892","0.7001","0.0000","0.0000","0.0296","0.2430"
"Shuttle",10,1000,9,5,"isomap","0.0042","0.0024","56.0000","0.0000","0.0000","0.9892","0.7001","0.0000","0.0000","0.0220","0.6210"
"Shuttle",11,1000,9,5,"ambient","0.0008","0.0285","93.0000","0.0000","0.0000","0.9893","0.6869","0.0000","0.0000",,"0.2800"
"Shuttle",11,1000,9,5,"goix_subsampling","0.0072","0.0016","260.0000","0.0000","0.0000","1.0000","1.0000","0.0107","0.3131",,"11.8640"
"Shuttle",11,1000,9,5,"mds","0.0002","0.0582","79.0000","0.0000","0.0000","0.9864","0.6509","-0.0029","-0.0361","0.1259","0.2630"
"Shuttle",11,1000,9,5,"isomap","0.0002","0.0512","35.0000","0.0000","0.0000","0.9811","0.5830","-0.0082","-0.1040","0.1264","0.5970"
"Shuttle",12,1000,9,5,"ambient","0.0112","0.0019","201.0000","0.0000","0.0000","0.9955","0.9112","0.0000","0.0000",,"0.2840"
"Shuttle",12,1000,9,5,"goix_subsampling","0.0141","0.0009","354.0000","0.0000","0.0000","1.0000","1.0000","0.0045","0.0888",,"11.7780"
"Shuttle",12,1000,9,5,"mds","0.0133","0.0028","1168.0000","0.0000","0.0000","1.0000","1.0000","0.0045","0.0888","0.0385","0.2630"
"Shuttle",12,1000,9,5,"isomap","0.0108","0.0020","296.0000","0.0000","0.0000","0.9913","0.8487","-0.0042","-0.0625","0.0708","0.6200"
"Shuttle",13,1000,9,5,"ambient","0.0039","0.0091","179.0000","0.0000","0.0000","0.9898","0.6793","0.0000","0.0000",,"0.2780"
"Shuttle",13,1000,9,5,"goix_subsampling","0.0149","0.0012","279.0000","0.0000","0.0000","1.0000","1.0000","0.0102","0.3207",,"11.6200"
"Shuttle",13,1000,9,5,"mds","0.0034","0.0118","481.0000","0.0000","0.0000","0.9898","0.6793","0.0000","0.0000","0.1271","0.2590"
"Shuttle",13,1000,9,5,"isomap","0.0186","0.0040","2441.0000","0.0000","0.0000","0.9894","0.6724","-0.0004","-0.0069","0.1148","0.5950"
"Shuttle",14,1000,9,5,"ambient","0.0561","0.0017","10546.0000","0.0000","0.0000","0.9900","0.8985","0.0000","0.0000",,"0.2840"
"Shuttle",14,1000,9,5,"goix_subsampling","0.0563","0.0011","4267.0000","0.0000","0.0000","0.9962","0.9696","0.0061","0.0711",,"11.6990"
"Shuttle",14,1000,9,5,"mds","0.0652","0.0013","23907.0000","0.0000","0.0000","0.9858","0.8727","-0.0042","-0.0259","0.0825","0.2360"
"Shuttle",14,1000,9,5,"isomap","0.0500","0.0019","12977.0000","0.0000","0.0000","0.9800","0.7951","-0.0100","-0.1034","0.0852","0.6030"
"Shuttle",15,1000,9,5,"ambient","0.0040","0.0011","2.0000","0.0000","0.2533","0.9844","0.6621","0.0000","0.0000",,"0.3570"
"Shuttle",15,1000,9,5,"goix_subsampling","0.0076","0.0013","0.0000","2.0182e-05","0.0385","0.9843","0.9463","-0.0002","0.2841",,"11.5320"
"Shuttle",15,1000,9,5,"mds","0.0040","0.0002","0.0000","0.1524","0.9596","0.9844","0.6621","0.0000","0.0000","0.0141","0.2320"
"Shuttle",15,1000,9,5,"isomap","0.0040","0.0000","0.0000","0.9596","0.9596","0.9466","0.5332","-0.0378","-0.1290","0.0601","0.6210"
"Shuttle",16,1000,9,5,"ambient","0.0040","0.0003","0.0000","0.3542","0.8083","0.9950","0.9076","0.0000","0.0000",,"0.2920"
"Shuttle",16,1000,9,5,"goix_subsampling","0.0029","0.0014","1.0000","0.0000","0.0314","0.9750","0.9241","-0.0200","0.0165",,"11.8060"
"Shuttle",16,1000,9,5,"mds","0.0041","0.0018","29.0000","0.0000","0.0000","0.9935","0.8598","-0.0015","-0.0478","0.0899","0.2450"
"Shuttle",16,1000,9,5,"isomap","0.0040","0.0005","1.0000","0.0000","0.7578","0.9862","0.8017","-0.0088","-0.1058","0.1322","0.6170"
"Shuttle",17,1000,9,5,"ambient","0.0190","0.0023","460.0000","0.0000","0.0000","1.0000","1.0000","0.0000","0.0000",,"0.2750"
"Shuttle",17,1000,9,5,"goix_subsampling","0.0260","0.0011","623.0000","0.0000","0.0000","0.9977","0.9780","-0.0023","-0.0220",,"11.6720"
"Shuttle",17,1000,9,5,"mds","0.0258","0.0028","5444.0000","0.0000","0.0000","0.9796","0.7415","-0.0204","-0.2585","0.0809","0.2390"
"Shuttle",17,1000,9,5,"isomap","0.0181","0.0028","2567.0000","0.0000","0.0000","0.9735","0.5349","-0.0265","-0.4651","0.0803","0.6140"
"Shuttle",18,1000,9,5,"ambient","0.0196","0.0029","1232.0000","0.0000","0.0000","0.9946","0.8011","0.0000","0.0000",,"0.2900"
"Shuttle",18,1000,9,5,"goix_subsampling","0.0266","0.0012","497.0000","0.0000","0.0000","1.0000","1.0000","0.0054","0.1989",,"11.7760"
"Shuttle",18,1000,9,5,"mds","0.0348","0.0027","9114.0000","0.0000","0.0000","0.9869","0.7039","-0.0077","-0.0971","0.0679","0.2850"
"Shuttle",18,1000,9,5,"isomap","0.0249","0.0027","4116.0000","0.0000","0.0000","0.9839","0.8329","-0.0108","0.0318","0.1381","0.6380"
"Shuttle",19,1000,9,5,"ambient","0.0031","0.0088","118.0000","0.0000","0.0000","0.9947","0.7799","0.0000","0.0000",,"0.2990"
"Shuttle",19,1000,9,5,"goix_subsampling","0.0117","0.0018","218.0000","0.0000","0.0000","1.0000","1.0000","0.0053","0.2201",,"11.8860"
"Shuttle",19,1000,9,5,"mds","0.0033","0.0092","343.0000","0.0000","0.0000","0.9947","0.7799","0.0000","0.0000","0.1088","0.2460"
"Shuttle",19,1000,9,5,"isomap","0.0007","0.0151","29.0000","0.0000","0.0000","0.9938","0.7681","-0.0009","-0.0118","0.0954","0.6970"
"Shuttle",20,1000,9,5,"ambient","0.0044","0.0033","43.0000","0.0000","0.0000","0.9931","0.7821","0.0000","0.0000",,"0.3090"
"Shuttle",20,1000,9,5,"goix_subsampling","0.0079","0.0013","104.0000","0.0000","0.0000","0.9996","0.9951","0.0065","0.2129",,"12.2990"
"Shuttle",20,1000,9,5,"mds","0.0050","0.0047","216.0000","0.0000","0.0000","0.9946","0.8011","0.0015","0.0190","0.0836","0.2470"
"Shuttle",20,1000,9,5,"isomap","0.0026","0.0053","66.0000","0.0000","0.0000","0.9931","0.8319","0.0000","0.0498","0.1198","0.6820"
"Shuttle",21,1000,9,5,"ambient","0.0001","0.0292","2.0000","0.0000","0.6559","1.0000","1.0000","0.0000","0.0000",,"0.2850"
"Shuttle",21,1000,9,5,"goix_subsampling","0.0054","0.0012","1.0000","0.0000","0.0304","0.9903","0.9566","-0.0097","-0.0434",,"11.9650"
"Shuttle",21,1000,9,5,"mds","7.9000e-08","0.7071","0.0000","0.9596","1.0000","1.0000","1.0000","0.0000","0.0000","0.0465","0.2290"
"Shuttle",21,1000,9,5,"isomap","0.0000",,"0.0000","1.0000","1.0000","1.0000","1.0000","0.0000","0.0000","0.0410","0.5910"
"Shuttle",22,1000,9,5,"ambient","0.0013","0.0192","50.0000","0.0000","0.0000","0.9946","0.8504","0.0000","0.0000",,"0.3680"
"Shuttle",22,1000,9,5,"goix_subsampling","0.0146","0.0014","136.0000","0.0000","0.0000","0.9839","0.9459","-0.0108","0.0956",,"12.3520"
"Shuttle",22,1000,9,5,"mds","9.6711e-05","0.0733","7.0000","0.0000","0.0515","0.9946","0.8011","0.0000","-0.0493","0.1414","0.2670"
"Shuttle",22,1000,9,5,"isomap","8.4888e-05","0.0782","10.0000","0.0000","0.0000","0.9919","0.8257","-0.0027","-0.0246","0.1010","0.6290"
"Shuttle",23,1000,9,5,"ambient","0.0204","0.0036","3713.0000","0.0000","0.0000","0.9826","0.7099","0.0000","0.0000",,"0.3700"
"Shuttle",23,1000,9,5,"goix_subsampling","0.0274","0.0022","998.0000","0.0000","0.0000","0.9832","0.9038","0.0006","0.1939",,"12.4280"
"Shuttle",23,1000,9,5,"mds","0.0313","0.0038","19255.0000","0.0000","0.0000","0.9621","0.5748","-0.0205","-0.1351","0.0606","0.2480"
"Shuttle",23,1000,9,5,"isomap","0.0305","0.0037","16840.0000","0.0000","0.0000","0.9591","0.5537","-0.0235","-0.1562","0.0820","0.6340"
"Shuttle",24,1000,9,5,"ambient","0.0222","0.0039","2754.0000","0.0000","0.0000","0.9971","0.9537","0.0000","0.0000",,"0.2870"
"Shuttle",24,1000,9,5,"goix_subsampling","0.0321","0.0015","2167.0000","0.0000","0.0000","1.0000","1.0000","0.0029","0.0463",,"12.3380"
"Shuttle",24,1000,9,5,"mds","0.0363","0.0029","11254.0000","0.0000","0.0000","0.9957","0.9073","-0.0014","-0.0465","0.1175","0.2640"
"Shuttle",24,1000,9,5,"isomap","0.0287","0.0033","8297.0000","0.0000","0.0000","0.9816","0.8056","-0.0155","-0.1481","0.0843","0.6180"
"Shuttle",25,1000,9,5,"ambient","0.0140","0.0004","4.0000","0.0000","0.1019","0.9789","0.6074","0.0000","0.0000",,"0.2890"
"Shuttle",25,1000,9,5,"goix_subsampling","0.0105","0.0005","25.0000","0.0000","0.0000","0.9981","0.9735","0.0192","0.3661",,"12.0850"
"Shuttle",25,1000,9,5,"mds","0.0147","0.0013","219.0000","0.0000","0.0000","0.9785","0.6015","-0.0004","-0.0059","0.0841","0.2510"
"Shuttle",25,1000,9,5,"isomap","0.0141","0.0006","34.0000","0.0000","0.0000","0.9572","0.4889","-0.0217","-0.1185","0.1114","0.6040"
"Shuttle",26,1000,9,5,"ambient","7.9000e-08","0.7071","0.0000","0.9596","1.0000","0.9924","0.8406","0.0000","0.0000",,"0.2860"
"Shuttle",26,1000,9,5,"goix_subsampling","0.0003","0.0067","0.0000","0.1930","0.4539","0.9759","0.9087","-0.0166","0.0681",,"11.8820"
"Shuttle",26,1000,9,5,"mds","0.0000",,"0.0000","1.0000","1.0000","0.9921","0.8351","-0.0004","-0.0055","0.0599","0.3080"
"Shuttle",26,1000,9,5,"isomap","1.0080e-06","0.8850","0.0000","0.1019","1.0000","0.9431","0.8528","-0.0494","0.0122","0.0873","0.6020"
"Shuttle",27,1000,9,5,"ambient","0.0144","0.0007","17.0000","0.0000","0.0000","0.9992","0.9908","0.0000","0.0000",,"0.2830"
"Shuttle",27,1000,9,5,"goix_subsampling","0.0145","0.0005","58.0000","0.0000","0.0000","1.0000","1.0000","0.0008","0.0092",,"12.2210"
"Shuttle",27,1000,9,5,"mds","0.0142","0.0006","20.0000","0.0000","0.0000","0.9985","0.9798","-0.0008","-0.0110","0.0751","0.2460"
"Shuttle",27,1000,9,5,"isomap","0.0141","0.0004","13.0000","0.0000","0.0000","0.9639","0.5854","-0.0353","-0.4054","0.0847","0.7100"
"Shuttle",28,1000,9,5,"ambient","0.0091","0.0007","5.0000","0.0000","0.2533","0.9816","0.6083","0.0000","0.0000",,"0.2810"
"Shuttle",28,1000,9,5,"goix_subsampling","0.0111","0.0009","5.0000","0.0000","2.0182e-05","0.9977","0.9635","0.0161","0.3552",,"11.8700"
"Shuttle",28,1000,9,5,"mds","0.0090","9.3625e-05","0.0000","0.1019","0.8587","0.9816","0.6163","0.0000","0.0080","0.0777","0.2350"
"Shuttle",28,1000,9,5,"isomap","0.0090","0.0000","0.0000","0.9092","0.9092","0.9343","0.4085","-0.0472","-0.1998","0.0960","0.6730"
"Shuttle",29,1000,9,5,"ambient","0.0104","0.0031","923.0000","0.0000","0.0000","0.9946","0.8100","0.0000","0.0000",,"0.3050"
"Shuttle",29,1000,9,5,"goix_subsampling","0.0164","0.0012","485.0000","0.0000","0.0000","0.9841","0.9312","-0.0105","0.1212",,"12.1480"
"Shuttle",29,1000,9,5,"mds","0.0105","0.0033","1270.0000","0.0000","0.0000","0.9946","0.8100","0.0000","0.0000","0.0711","0.2570"
"Shuttle",29,1000,9,5,"isomap","0.0065","0.0053","976.0000","0.0000","0.0000","0.9950","0.8600","0.0004","0.0500","0.1009","0.7080"
"Shuttle",30,1000,9,5,"ambient","0.0108","0.0042","325.0000","0.0000","0.0000","0.9870","0.6235","0.0000","0.0000",,"0.2960"
"Shuttle",30,1000,9,5,"goix_subsampling","0.0171","0.0010","490.0000","0.0000","0.0000","0.9923","0.8525","0.0053","0.2289",,"12.0780"
"Shuttle",30,1000,9,5,"mds","0.0242","0.0030","3702.0000","0.0000","0.0000","0.9846","0.5887","-0.0024","-0.0348","0.0687","0.3240"
"Shuttle",30,1000,9,5,"isomap","0.0193","0.0037","2063.0000","0.0000","0.0000","0.9798","0.5390","-0.0072","-0.0846","0.1264","0.6310"
"Shuttle",31,1000,9,5,"ambient","0.0042","0.0011","0.0000","0.3037","0.3542","0.9761","0.5378","0.0000","0.0000",,"0.2860"
"Shuttle",31,1000,9,5,"goix_subsampling","0.0079","0.0007","3.0000","0.0000","0.0325","0.9654","0.8803","-0.0107","0.3426",,"11.9820"
"Shuttle",31,1000,9,5,"mds","0.0090","0.0004","6.0000","0.0000","0.2533","0.9733","0.5276","-0.0029","-0.0101","0.0596","0.2500"
"Shuttle",31,1000,9,5,"isomap","0.0091","0.0004","4.0000","0.0000","0.3542","0.9387","0.4725","-0.0374","-0.0653","0.3677","0.6880"
"Shuttle",32,1000,9,5,"ambient","0.0090","6.0936e-05","0.0000","0.4046","0.9092","0.9933","0.8339","0.0000","0.0000",,"0.2820"
"Shuttle",32,1000,9,5,"goix_subsampling","0.0053","0.0006","0.0000","0.0596","0.2275","1.0000","1.0000","0.0067","0.1661",,"11.9020"
"Shuttle",32,1000,9,5,"mds","0.0090","0.0000","0.0000","0.9092","0.9092","0.9870","0.7112","-0.0063","-0.1227","0.0973","0.3120"
"Shuttle",32,1000,9,5,"isomap","0.0090","0.0000","0.0000","0.9092","0.9092","0.9644","0.6018","-0.0289","-0.2321","0.1161","0.6170"
"Shuttle",33,1000,9,5,"ambient","0.0091","0.0060","756.0000","0.0000","0.0000","0.9916","0.8966","0.0000","0.0000",,"0.2790"
"Shuttle",33,1000,9,5,"goix_subsampling","0.0194","0.0021","608.0000","0.0000","0.0000","0.9985","0.9778","0.0069","0.0812",,"12.2590"
"Shuttle",33,1000,9,5,"mds","0.0202","0.0045","6275.0000","0.0000","0.0000","0.9843","0.7747","-0.0073","-0.1219","0.0582","0.2490"
"Shuttle",33,1000,9,5,"isomap","0.0228","0.0042","8295.0000","0.0000","0.0000","0.9877","0.8343","-0.0038","-0.0623","0.0911","0.7040"
"Shuttle",34,1000,9,5,"ambient","0.0002","0.0321","8.0000","0.0000","0.0515","0.9946","0.8181","0.0000","0.0000",,"0.3010"
"Shuttle",34,1000,9,5,"goix_subsampling","0.0075","0.0016","7.0000","0.0000","0.0020","0.9830","0.9485","-0.0115","0.1304",,"12.0630"
"Shuttle",34,1000,9,5,"mds","1.5795e-05","0.0856","1.0000","0.0000","0.9596","0.9854","0.7098","-0.0092","-0.1083","0.0603","0.2440"
"Shuttle",34,1000,9,5,"isomap","2.6070e-06","0.1231","0.0000","0.9596","0.9596","0.9290","0.3669","-0.0656","-0.4512","0.0828","0.6110"
"Shuttle",35,1000,9,5,"ambient","0.0124","0.0037","308.0000","0.0000","0.0000","0.9993","0.9922","0.0000","0.0000",,"0.3620"
"Shuttle",35,1000,9,5,"goix_subsampling","0.0215","0.0007","670.0000","0.0000","0.0000","1.0000","1.0000","0.0007","0.0078",,"12.1440"
"Shuttle",35,1000,9,5,"mds","0.0158","0.0042","3675.0000","0.0000","0.0000","0.9980","0.9728","-0.0014","-0.0194","0.0169","0.2750"
"Shuttle",35,1000,9,5,"isomap","0.0133","0.0037","1862.0000","0.0000","0.0000","0.9535","0.5670","-0.0459","-0.4252","0.2174","0.6310"
"Shuttle",36,1000,9,5,"ambient","0.0316","0.0013","593.0000","0.0000","0.0000","0.9850","0.6431","0.0000","0.0000",,"0.2990"
"Shuttle",36,1000,9,5,"goix_subsampling","0.0296","0.0006","367.0000","0.0000","0.0000","1.0000","1.0000","0.0150","0.3569",,"12.3200"
"Shuttle",36,1000,9,5,"mds","0.0306","0.0016","1749.0000","0.0000","0.0000","0.9854","0.6500","0.0004","0.0070","0.1448","0.3260"
"Shuttle",36,1000,9,5,"isomap","0.0316","0.0018","3172.0000","0.0000","0.0000","0.9785","0.5760","-0.0065","-0.0671","0.1796","0.6210"
"Shuttle",37,1000,9,5,"ambient","0.0040","0.0063","29.0000","0.0000","0.0000","0.9946","0.8100","0.0000","0.0000",,"0.3000"
"Shuttle",37,1000,9,5,"goix_subsampling","0.0136","0.0015","50.0000","0.0000","0.0000","1.0000","1.0000","0.0054","0.1900",,"12.1670"
"Shuttle",37,1000,9,5,"mds","0.0042","0.0026","30.0000","0.0000","0.0000","0.9917","0.7714","-0.0029","-0.0386","0.0760","0.2470"
"Shuttle",37,1000,9,5,"isomap","9.3995e-05","0.0609","6.0000","0.0000","0.1019","0.9870","0.6889","-0.0076","-0.1211","0.0868","0.6850"
"Shuttle",38,1000,9,5,"ambient","0.0039","0.0119","628.0000","0.0000","0.0000","0.9946","0.8618","0.0000","0.0000",,"0.2850"
"Shuttle",38,1000,9,5,"goix_subsampling","0.0175","0.0021","866.0000","0.0000","0.0000","0.9672","0.8987","-0.0274","0.0369",,"12.2800"
"Shuttle",38,1000,9,5,"mds","0.0079","0.0093","4229.0000","0.0000","0.0000","0.9953","0.8878","0.0007","0.0260","0.0652","0.2530"
"Shuttle",38,1000,9,5,"isomap","0.0083","0.0079","3058.0000","0.0000","0.0000","0.9903","0.8174","-0.0043","-0.0444","0.1432","0.7150"
"Shuttle",39,1000,9,5,"ambient","0.0022","0.0171","193.0000","0.0000","0.0000","1.0000","1.0000","0.0000","0.0000",,"0.2890"
"Shuttle",39,1000,9,5,"goix_subsampling","0.0122","0.0014","270.0000","0.0000","0.0000","0.9992","0.9894","-0.0008","-0.0106",,"11.9890"
"Shuttle",39,1000,9,5,"mds","0.0039","0.0140","996.0000","0.0000","0.0000","1.0000","1.0000","0.0000","0.0000","0.0081","0.2560"
"Shuttle",39,1000,9,5,"isomap","0.0013","0.0186","337.0000","0.0000","0.0000","0.9827","0.7877","-0.0173","-0.2123","0.0320","0.6280"
"Shuttle",40,1000,9,5,"ambient","0.0116","0.0051","1207.0000","0.0000","0.0000","1.0000","1.0000","0.0000","0.0000",,"0.3750"
"Shuttle",40,1000,9,5,"goix_subsampling","0.0226","0.0010","508.0000","0.0000","0.0000","1.0000","1.0000","0.0000","0.0000",,"12.1520"
"Shuttle",40,1000,9,5,"mds","0.0242","0.0041","10557.0000","0.0000","0.0000","1.0000","1.0000","0.0000","0.0000","0.0037","0.2580"
"Shuttle",40,1000,9,5,"isomap","0.0088","0.0079","3588.0000","0.0000","0.0000","1.0000","1.0000","0.0000","0.0000","0.0588","0.6180"
"Shuttle",41,1000,9,5,"ambient","0.0162","0.0035","1014.0000","0.0000","0.0000","0.9847","0.6620","0.0000","0.0000",,"0.3080"
"Shuttle",41,1000,9,5,"goix_subsampling","0.0242","0.0013","1936.0000","0.0000","0.0000","1.0000","1.0000","0.0153","0.3380",,"12.2050"
"Shuttle",41,1000,9,5,"mds","0.0262","0.0034","8034.0000","0.0000","0.0000","0.9834","0.6495","-0.0013","-0.0126","0.0078","0.2450"
"Shuttle",41,1000,9,5,"isomap","0.0274","0.0034","11338.0000","0.0000","0.0000","0.9444","0.3790","-0.0403","-0.2831","0.0374","0.6350"
"Shuttle",42,1000,9,5,"ambient","0.0003","0.0450","36.0000","0.0000","0.0000","1.0000","1.0000","0.0000","0.0000",,"0.3060"
"Shuttle",42,1000,9,5,"goix_subsampling","0.0033","0.0027","101.0000","0.0000","0.0000","0.9990","0.9879","-0.0010","-0.0121",,"12.2810"
"Shuttle",42,1000,9,5,"mds","0.0008","0.0281","270.0000","0.0000","0.0000","0.9935","0.9150","-0.0065","-0.0850","0.0910","0.3340"
"Shuttle",42,1000,9,5,"isomap","0.0005","0.0273","90.0000","0.0000","0.0000","0.9609","0.5918","-0.0391","-0.4082","0.1038","0.6250"
"Shuttle",43,1000,9,5,"ambient","0.0153","0.0027","610.0000","0.0000","0.0000","0.9894","0.6561","0.0000","0.0000",,"0.3060"
"Shuttle",43,1000,9,5,"goix_subsampling","0.0231","0.0012","789.0000","0.0000","0.0000","1.0000","1.0000","0.0106","0.3439",,"12.2580"
"Shuttle",43,1000,9,5,"mds","0.0191","0.0035","4104.0000","0.0000","0.0000","0.9889","0.6520","-0.0005","-0.0041","0.1069","0.2500"
"Shuttle",43,1000,9,5,"isomap","0.0248","0.0034","7881.0000","0.0000","0.0000","0.9861","0.6076","-0.0034","-0.0485","0.0601","0.6310"
"Shuttle",44,1000,9,5,"ambient","0.0256","0.0033","2895.0000","0.0000","0.0000","0.9712","0.7932","0.0000","0.0000",,"0.2850"
"Shuttle",44,1000,9,5,"goix_subsampling","0.0367","0.0013","2724.0000","0.0000","0.0000","0.9807","0.9392","0.0095","0.1460",,"12.1690"
"Shuttle",44,1000,9,5,"mds","0.0496","0.0023","23686.0000","0.0000","0.0000","0.9617","0.7818","-0.0095","-0.0114","0.0722","0.2560"
"Shuttle",44,1000,9,5,"isomap","0.0433","0.0024","12950.0000","0.0000","0.0000","0.9593","0.8930","-0.0119","0.0998","0.0846","0.6030"
"Shuttle",45,1000,9,5,"ambient","0.0109","0.0074","6079.0000","0.0000","0.0000","0.9883","0.7316","0.0000","0.0000",,"0.3660"
"Shuttle",45,1000,9,5,"goix_subsampling","0.0219","0.0008","457.0000","0.0000","0.0000","0.9905","0.9502","0.0023","0.2185",,"12.0710"
"Shuttle",45,1000,9,5,"mds","0.0185","0.0056","10435.0000","0.0000","0.0000","0.9918","0.7477","0.0035","0.0160","0.1045","0.2520"
"Shuttle",45,1000,9,5,"isomap","0.0123","0.0057","3435.0000","0.0000","0.0000","0.9850","0.6597","-0.0033","-0.0719","0.1135","0.6890"
"Shuttle",46,1000,9,5,"ambient","0.0049","0.0032","58.0000","0.0000","0.0000","0.9778","0.5520","0.0000","0.0000",,"0.2940"
"Shuttle",46,1000,9,5,"goix_subsampling","0.0118","0.0008","93.0000","0.0000","0.0000","0.9996","0.9943","0.0218","0.4423",,"11.9750"
"Shuttle",46,1000,9,5,"mds","0.0040","0.0003","0.0000","0.3542","0.8083","0.9597","0.4198","-0.0181","-0.1322","0.0248","0.2410"
"Shuttle",46,1000,9,5,"isomap","0.0040","0.0002","0.0000","0.3542","0.9092","0.9548","0.3919","-0.0230","-0.1601","0.0467","0.6350"
"Shuttle",47,1000,9,5,"ambient","0.0203","0.0054","2513.0000","0.0000","0.0000","1.0000","1.0000","0.0000","0.0000",,"0.2920"
"Shuttle",47,1000,9,5,"goix_subsampling","0.0394","0.0006","1404.0000","0.0000","0.0000","1.0000","1.0000","0.0000","0.0000",,"12.1600"
"Shuttle",47,1000,9,5,"mds","0.0166","0.0064","7360.0000","0.0000","0.0000","1.0000","1.0000","0.0000","0.0000","0.0739","0.2490"
"Shuttle",47,1000,9,5,"isomap","0.0086","0.0094","4879.0000","0.0000","0.0000","0.9927","0.9555","-0.0073","-0.0445","0.0932","0.6000"
"Shuttle",48,1000,9,5,"ambient","0.0112","0.0033","279.0000","0.0000","0.0000","0.9924","0.8903","0.0000","0.0000",,"0.3090"
"Shuttle",48,1000,9,5,"goix_subsampling","0.0153","0.0016","747.0000","0.0000","0.0000","0.9978","0.9712","0.0054","0.0809",,"12.5260"
"Shuttle",48,1000,9,5,"mds","0.0077","0.0067","1252.0000","0.0000","0.0000","0.9816","0.8105","-0.0108","-0.0799","0.0264","0.2470"
"Shuttle",48,1000,9,5,"isomap","0.0083","0.0037","309.0000","0.0000","0.0000","0.8205","0.2690","-0.1719","-0.6213","0.0120","0.6330"
"Shuttle",49,1000,9,5,"ambient","0.0194","0.0022","366.0000","0.0000","0.0000","0.9983","0.9782","0.0000","0.0000",,"0.3020"
"Shuttle",49,1000,9,5,"goix_subsampling","0.0259","0.0005","602.0000","0.0000","0.0000","0.9973","0.9602","-0.0010","-0.0180",,"12.5530"
"Shuttle",49,1000,9,5,"mds","0.0142","0.0025","699.0000","0.0000","0.0000","0.9952","0.9383","-0.0031","-0.0399","0.0948","0.2520"
"Shuttle",49,1000,9,5,"isomap","0.0163","0.0014","161.0000","0.0000","0.0000","0.9935","0.8721","-0.0048","-0.1061","0.0962","0.7000"
"Shuttle",50,1000,9,5,"ambient","0.0053","0.0105","383.0000","0.0000","0.0000","0.9838","0.6399","0.0000","0.0000",,"0.2990"
"Shuttle",50,1000,9,5,"goix_subsampling","0.0210","0.0015","390.0000","0.0000","0.0000","1.0000","1.0000","0.0162","0.3601",,"12.2470"
"Shuttle",50,1000,9,5,"mds","0.0124","0.0073","3161.0000","0.0000","0.0000","0.9863","0.6792","0.0025","0.0393","0.1232","0.3290"
"Shuttle",50,1000,9,5,"isomap","0.0066","0.0105","1008.0000","0.0000","0.0000","0.9841","0.6426","0.0004","0.0028","0.0321","0.6040"
