"intrinsic_dim","original_dim","snr","embedding_dim","representation","truth","averaged_aumvc_normalized","averaged_minimum_hit_count","averaged_zero_occupancy","averaged_low_occupancy","averaged_roc_auc","averaged_pr_auc","averaged_pr_delta_ambient","averaged_roc_delta_ambient","averaged_embedding_oos_stress","averaged_runtime_seconds"
3,80,1,3,"ambient","polynomial_interaction","0.0057","2.3600","0.2218","0.4015","0.9953","0.9342","0.0000","0.0000",NA,"0.9088"
3,80,1,3,"goix_subsampling","polynomial_interaction","0.0328","2274.9800","0.0000","0.0000","0.9931","0.9114","-0.0228","-0.0022",NA,"12.1461"
3,80,1,3,"mds","polynomial_interaction","0.0312","8502.7000","0.0000","0.0000","0.7573","0.4977","-0.4365","-0.2380","0.4627","0.2913"
3,80,1,3,"isomap","polynomial_interaction","0.0434","18456.4800","0.0000","0.0000","0.8024","0.5442","-0.3900","-0.1929","0.3141","0.6204"
3,80,5,3,"ambient","polynomial_interaction","0.0064","0.0000","0.5579","0.6325","0.9686","0.7766","0.0000","0.0000",NA,"0.8845"
3,80,5,3,"goix_subsampling","polynomial_interaction","0.0264","1408.4200","0.0000","0.0000","0.9571","0.7380","-0.0386","-0.0116",NA,"12.0109"
3,80,5,3,"mds","polynomial_interaction","0.0344","9234.7800","0.0000","0.0000","0.7538","0.5158","-0.2608","-0.2149","0.3487","0.2560"
3,80,5,3,"isomap","polynomial_interaction","0.0453","16799.2600","0.0000","0.0000","0.7737","0.5842","-0.1924","-0.1950","0.1550","0.6193"
3,80,10,3,"ambient","polynomial_interaction","0.0057","0.0000","0.6130","0.6833","0.9373","0.6805","0.0000","0.0000",NA,"0.8743"
3,80,10,3,"goix_subsampling","polynomial_interaction","0.0233","931.8800","0.0000","0.0000","0.9209","0.6540","-0.0264","-0.0164",NA,"11.9978"
3,80,10,3,"mds","polynomial_interaction","0.0301","7203.0600","0.0000","0.0000","0.7438","0.4982","-0.1823","-0.1934","0.3144","0.2500"
3,80,10,3,"isomap","polynomial_interaction","0.0413","13435.9200","0.0000","0.0000","0.7723","0.5692","-0.1113","-0.1650","0.1206","0.6219"
3,200,1,3,"ambient","polynomial_interaction","0.0048","0.0000","0.7161","0.7984","0.9957","0.9369","0.0000","0.0000",NA,"2.0481"
3,200,1,3,"goix_subsampling","polynomial_interaction","0.0328","2183.1800","0.0000","0.0000","0.9935","0.9142","-0.0227","-0.0022",NA,"12.2339"
3,200,1,3,"mds","polynomial_interaction","0.0298","7415.1000","0.0000","0.0000","0.7436","0.4941","-0.4428","-0.2521","0.4897","0.2806"
3,200,1,3,"isomap","polynomial_interaction","0.0481","23963.2600","0.0000","0.0000","0.7766","0.5583","-0.3785","-0.2191","0.2646","0.6356"
3,200,5,3,"ambient","polynomial_interaction","0.0057","0.0000","0.7446","0.7886","0.9684","0.7766","0.0000","0.0000",NA,"1.9853"
3,200,5,3,"goix_subsampling","polynomial_interaction","0.0266","1384.2200","0.0000","0.0000","0.9563","0.7370","-0.0396","-0.0121",NA,"12.1244"
3,200,5,3,"mds","polynomial_interaction","0.0333","8086.6000","0.0000","0.0000","0.7481","0.5094","-0.2672","-0.2203","0.3708","0.2835"
3,200,5,3,"isomap","polynomial_interaction","0.0469","18544.1400","0.0000","0.0000","0.7858","0.5978","-0.1788","-0.1827","0.1286","0.6462"
3,200,10,3,"ambient","polynomial_interaction","0.0049","0.0000","0.7929","0.8316","0.9376","0.6817","0.0000","0.0000",NA,"1.9683"
3,200,10,3,"goix_subsampling","polynomial_interaction","0.0236","939.6000","0.0000","0.0000","0.9216","0.6587","-0.0229","-0.0161",NA,"12.0657"
3,200,10,3,"mds","polynomial_interaction","0.0295","7024.5400","0.0000","0.0000","0.7426","0.5023","-0.1794","-0.1951","0.3418","0.2783"
3,200,10,3,"isomap","polynomial_interaction","0.0431","14804.5000","0.0000","0.0000","0.7820","0.5783","-0.1034","-0.1556","0.1035","0.6359"
3,400,1,3,"ambient","polynomial_interaction","0.0045","0.0000","0.8547","0.8793","0.9959","0.9392","0.0000","0.0000",NA,"4.6463"
3,400,1,3,"goix_subsampling","polynomial_interaction","0.0329","2208.2600","0.0000","0.0000","0.9933","0.9097","-0.0295","-0.0026",NA,"12.2773"
3,400,1,3,"mds","polynomial_interaction","0.0300","7820.2200","0.0000","0.0000","0.7340","0.4921","-0.4472","-0.2619","0.4971","0.3136"
3,400,1,3,"isomap","polynomial_interaction","0.0503","25659.4200","0.0000","0.0000","0.7736","0.5674","-0.3718","-0.2223","0.2295","0.6808"
3,400,5,3,"ambient","polynomial_interaction","0.0055","0.0000","0.8316","0.8623","0.9682","0.7765","0.0000","0.0000",NA,"4.5590"
3,400,5,3,"goix_subsampling","polynomial_interaction","0.0266","1377.7000","0.0000","0.0000","0.9564","0.7381","-0.0385","-0.0118",NA,"12.1047"
3,400,5,3,"mds","polynomial_interaction","0.0325","7975.1800","0.0000","0.0000","0.7485","0.5092","-0.2673","-0.2198","0.3714","0.3097"
3,400,5,3,"isomap","polynomial_interaction","0.0481","20000.3200","0.0000","0.0000","0.7957","0.6057","-0.1709","-0.1725","0.1176","0.6705"
3,400,10,3,"ambient","polynomial_interaction","0.0046","0.0000","0.8661","0.8839","0.9374","0.6814","0.0000","0.0000",NA,"4.5340"
3,400,10,3,"goix_subsampling","polynomial_interaction","0.0232","920.9600","0.0000","0.0000","0.9223","0.6622","-0.0191","-0.0151",NA,"12.0937"
3,400,10,3,"mds","polynomial_interaction","0.0289","6973.3400","0.0000","0.0000","0.7370","0.4999","-0.1815","-0.2004","0.3460","0.3103"
3,400,10,3,"isomap","polynomial_interaction","0.0431","15453.7400","0.0000","0.0000","0.7853","0.5855","-0.0959","-0.1522","0.0993","0.6782"
5,80,1,5,"ambient","polynomial_interaction","0.0072","20.0000","0.2369","0.3590","0.9956","0.9411","0.0000","0.0000",NA,"0.9051"
5,80,1,5,"goix_subsampling","polynomial_interaction","0.0336","2953.4200","0.0000","0.0000","0.9938","0.9235","-0.0176","-0.0018",NA,"12.2636"
5,80,1,5,"mds","polynomial_interaction","0.0274","5574.7000","0.0000","0.0000","0.7779","0.5141","-0.4270","-0.2177","0.3842","0.2780"
5,80,1,5,"isomap","polynomial_interaction","0.0325","11560.6800","0.0000","0.0000","0.8375","0.5398","-0.4014","-0.1581","0.2645","0.6383"
5,80,5,5,"ambient","polynomial_interaction","0.0100","0.0000","0.5043","0.5891","0.9660","0.7514","0.0000","0.0000",NA,"0.8875"
5,80,5,5,"goix_subsampling","polynomial_interaction","0.0293","1911.1000","0.0000","0.0000","0.9562","0.7137","-0.0377","-0.0098",NA,"12.0752"
5,80,5,5,"mds","polynomial_interaction","0.0266","4769.8400","0.0000","0.0000","0.7455","0.4996","-0.2518","-0.2205","0.2872","0.2716"
5,80,5,5,"isomap","polynomial_interaction","0.0320","7833.3800","0.0000","0.0000","0.7807","0.5485","-0.2029","-0.1853","0.1727","0.6411"
5,80,10,5,"ambient","polynomial_interaction","0.0080","0.0000","0.5306","0.6163","0.9355","0.6841","0.0000","0.0000",NA,"0.8921"
5,80,10,5,"goix_subsampling","polynomial_interaction","0.0272","1590.5800","0.0000","0.0000","0.9239","0.6618","-0.0223","-0.0117",NA,"12.0583"
5,80,10,5,"mds","polynomial_interaction","0.0259","4741.3000","0.0000","0.0000","0.7523","0.5237","-0.1604","-0.1832","0.2662","0.2741"
5,80,10,5,"isomap","polynomial_interaction","0.0314","7322.1600","0.0000","0.0000","0.7910","0.5705","-0.1136","-0.1445","0.1491","0.6326"
5,200,1,5,"ambient","polynomial_interaction","0.0059","0.3600","0.6101","0.6976","0.9959","0.9420","0.0000","0.0000",NA,"2.0504"
5,200,1,5,"goix_subsampling","polynomial_interaction","0.0337","2854.9600","0.0000","0.0000","0.9943","0.9265","-0.0155","-0.0016",NA,"12.2909"
5,200,1,5,"mds","polynomial_interaction","0.0266","4779.1800","0.0000","0.0000","0.7553","0.5026","-0.4393","-0.2406","0.4261","0.2995"
5,200,1,5,"isomap","polynomial_interaction","0.0367","14758.0400","0.0000","0.0000","0.8213","0.5553","-0.3867","-0.1746","0.2411","0.6575"
5,200,5,5,"ambient","polynomial_interaction","0.0088","0.0000","0.7052","0.7384","0.9669","0.7560","0.0000","0.0000",NA,"1.9899"
5,200,5,5,"goix_subsampling","polynomial_interaction","0.0290","1760.7000","0.0000","0.0000","0.9574","0.7222","-0.0338","-0.0095",NA,"12.0759"
5,200,5,5,"mds","polynomial_interaction","0.0264","4118.7800","0.0000","0.0000","0.7485","0.5076","-0.2483","-0.2185","0.3145","0.2967"
5,200,5,5,"isomap","polynomial_interaction","0.0349","9178.8400","0.0000","0.0000","0.7972","0.5751","-0.1809","-0.1698","0.1476","0.6523"
5,200,10,5,"ambient","polynomial_interaction","0.0069","0.0000","0.7482","0.7874","0.9355","0.6849","0.0000","0.0000",NA,"1.9903"
5,200,10,5,"goix_subsampling","polynomial_interaction","0.0270","1527.8200","0.0000","0.0000","0.9259","0.6638","-0.0212","-0.0096",NA,"12.1188"
5,200,10,5,"mds","polynomial_interaction","0.0248","4188.8600","0.0000","0.0000","0.7519","0.5141","-0.1708","-0.1837","0.2932","0.2984"
5,200,10,5,"isomap","polynomial_interaction","0.0322","7778.2200","0.0000","0.0000","0.7975","0.5766","-0.1084","-0.1380","0.1319","0.6525"
5,400,1,5,"ambient","polynomial_interaction","0.0056","0.0000","0.7868","0.8443","0.9959","0.9430","0.0000","0.0000",NA,"4.6394"
5,400,1,5,"goix_subsampling","polynomial_interaction","0.0339","2746.3200","0.0000","0.0000","0.9945","0.9277","-0.0153","-0.0014",NA,"12.2271"
5,400,1,5,"mds","polynomial_interaction","0.0253","4269.7600","0.0000","0.0000","0.7441","0.4984","-0.4445","-0.2518","0.4441","0.3309"
5,400,1,5,"isomap","polynomial_interaction","0.0378","16017.4400","0.0000","0.0000","0.8109","0.5708","-0.3722","-0.1849","0.2170","0.6859"
5,400,5,5,"ambient","polynomial_interaction","0.0083","0.0000","0.7754","0.8027","0.9670","0.7566","0.0000","0.0000",NA,"4.5605"
5,400,5,5,"goix_subsampling","polynomial_interaction","0.0287","1604.0600","0.0000","0.0000","0.9573","0.7223","-0.0343","-0.0097",NA,"12.1269"
5,400,5,5,"mds","polynomial_interaction","0.0265","3753.1600","0.0000","0.0000","0.7460","0.5013","-0.2553","-0.2210","0.3273","0.3242"
5,400,5,5,"isomap","polynomial_interaction","0.0350","9300.9600","0.0000","0.0000","0.8014","0.5747","-0.1819","-0.1656","0.1374","0.6901"
5,400,10,5,"ambient","polynomial_interaction","0.0067","0.0000","0.8205","0.8407","0.9354","0.6867","0.0000","0.0000",NA,"4.5364"
5,400,10,5,"goix_subsampling","polynomial_interaction","0.0271","1389.5200","0.0000","0.0000","0.9243","0.6639","-0.0228","-0.0111",NA,"12.1808"
5,400,10,5,"mds","polynomial_interaction","0.0253","4735.2000","0.0000","0.0000","0.7507","0.5165","-0.1702","-0.1847","0.3069","0.3207"
5,400,10,5,"isomap","polynomial_interaction","0.0328","8296.5000","0.0000","0.0000","0.7987","0.5839","-0.1028","-0.1367","0.1247","0.6995"
10,80,1,10,"ambient","polynomial_interaction","0.0090","1.0600","0.3107","0.3762","0.9944","0.9508","0.0000","0.0000",NA,"0.9129"
10,80,1,10,"goix_subsampling","polynomial_interaction","0.0334","3107.8200","0.0000","0.0000","0.9930","0.9423","-0.0085","-0.0014",NA,"12.3397"
10,80,1,10,"mds","polynomial_interaction","0.0234","2985.4200","0.0000","0.0000","0.9187","0.6557","-0.2952","-0.0756","0.2659","0.3242"
10,80,1,10,"isomap","polynomial_interaction","0.0248","7034.6400","0.0000","0.0000","0.9119","0.6216","-0.3292","-0.0825","0.1903","0.6813"
10,80,5,10,"ambient","polynomial_interaction","0.0101","0.0600","0.4519","0.5508","0.9699","0.7560","0.0000","0.0000",NA,"0.8950"
10,80,5,10,"goix_subsampling","polynomial_interaction","0.0323","3424.2600","0.0000","0.0000","0.9611","0.7174","-0.0386","-0.0087",NA,"12.1645"
10,80,5,10,"mds","polynomial_interaction","0.0229","2321.6400","0.0000","0.0000","0.7506","0.4939","-0.2621","-0.2193","0.2042","0.3114"
10,80,5,10,"isomap","polynomial_interaction","0.0249","3975.6800","0.0000","0.0000","0.8143","0.5175","-0.2385","-0.1556","0.1617","0.6773"
10,80,10,10,"ambient","polynomial_interaction","0.0109","0.0000","0.4741","0.5690","0.9317","0.6612","0.0000","0.0000",NA,"0.8925"
10,80,10,10,"goix_subsampling","polynomial_interaction","0.0313","2976.0400","0.0000","0.0000","0.9198","0.6284","-0.0329","-0.0119",NA,"12.1024"
10,80,10,10,"mds","polynomial_interaction","0.0231","1836.3200","0.0000","0.0000","0.7478","0.5132","-0.1481","-0.1839","0.1823","0.3143"
10,80,10,10,"isomap","polynomial_interaction","0.0230","2131.9600","0.0000","0.0000","0.8030","0.5332","-0.1280","-0.1287","0.1550","0.6816"
10,200,1,10,"ambient","polynomial_interaction","0.0061","0.0000","0.5032","0.5743","0.9954","0.9566","0.0000","0.0000",NA,"2.0686"
10,200,1,10,"goix_subsampling","polynomial_interaction","0.0330","2910.3000","0.0000","0.0000","0.9944","0.9505","-0.0061","-0.0010",NA,"12.3262"
10,200,1,10,"mds","polynomial_interaction","0.0214","2274.7000","0.0000","0.0000","0.8391","0.5357","-0.4209","-0.1563","0.3260","0.3420"
10,200,1,10,"isomap","polynomial_interaction","0.0244","6960.5400","0.0000","0.0000","0.8933","0.5756","-0.3810","-0.1020","0.1920","0.6978"
10,200,5,10,"ambient","polynomial_interaction","0.0092","0.0000","0.6779","0.7414","0.9706","0.7632","0.0000","0.0000",NA,"2.0131"
10,200,5,10,"goix_subsampling","polynomial_interaction","0.0320","3384.7200","0.0000","0.0000","0.9629","0.7249","-0.0383","-0.0077",NA,"12.1688"
10,200,5,10,"mds","polynomial_interaction","0.0221","2326.6000","0.0000","0.0000","0.7417","0.4846","-0.2785","-0.2289","0.2421","0.3358"
10,200,5,10,"isomap","polynomial_interaction","0.0232","3448.7400","0.0000","0.0000","0.8152","0.5327","-0.2305","-0.1554","0.1581","0.6978"
10,200,10,10,"ambient","polynomial_interaction","0.0095","0.0000","0.6850","0.7393","0.9314","0.6613","0.0000","0.0000",NA,"2.0001"
10,200,10,10,"goix_subsampling","polynomial_interaction","0.0316","2882.8000","0.0000","0.0000","0.9232","0.6431","-0.0182","-0.0083",NA,"12.1215"
10,200,10,10,"mds","polynomial_interaction","0.0212","1651.7800","0.0000","0.0000","0.7396","0.5046","-0.1567","-0.1918","0.2200","0.3381"
10,200,10,10,"isomap","polynomial_interaction","0.0232","2922.2400","0.0000","0.0000","0.7987","0.5307","-0.1306","-0.1328","0.1558","0.6944"
10,400,1,10,"ambient","polynomial_interaction","0.0049","0.0000","0.6683","0.7518","0.9957","0.9585","0.0000","0.0000",NA,"4.6362"
10,400,1,10,"goix_subsampling","polynomial_interaction","0.0333","2999.3400","0.0000","0.0000","0.9946","0.9518","-0.0068","-0.0011",NA,"12.2420"
10,400,1,10,"mds","polynomial_interaction","0.0216","1928.6400","0.0000","0.0000","0.8007","0.5056","-0.4529","-0.1950","0.3552","0.3608"
10,400,1,10,"isomap","polynomial_interaction","0.0247","7305.7000","0.0000","0.0000","0.8801","0.5708","-0.3877","-0.1156","0.1867","0.7309"
10,400,5,10,"ambient","polynomial_interaction","0.0087","0.0000","0.7696","0.8067","0.9706","0.7626","0.0000","0.0000",NA,"4.6219"
10,400,5,10,"goix_subsampling","polynomial_interaction","0.0325","3334.9400","0.0000","0.0000","0.9630","0.7292","-0.0334","-0.0076",NA,"12.2083"
10,400,5,10,"mds","polynomial_interaction","0.0218","2102.8000","0.0000","0.0000","0.7347","0.4864","-0.2762","-0.2359","0.2593","0.3663"
10,400,5,10,"isomap","polynomial_interaction","0.0235","3809.1800","0.0000","0.0000","0.8138","0.5293","-0.2334","-0.1567","0.1552","0.7395"
10,400,10,10,"ambient","polynomial_interaction","0.0092","0.0000","0.7814","0.8118","0.9317","0.6616","0.0000","0.0000",NA,"4.6250"
10,400,10,10,"goix_subsampling","polynomial_interaction","0.0320","2734.3200","0.0000","0.0000","0.9229","0.6372","-0.0244","-0.0088",NA,"12.2967"
10,400,10,10,"mds","polynomial_interaction","0.0204","1528.4200","0.0000","0.0000","0.7400","0.4920","-0.1696","-0.1917","0.2387","0.3712"
10,400,10,10,"isomap","polynomial_interaction","0.0239","2835.9800","0.0000","0.0000","0.7998","0.5254","-0.1362","-0.1318","0.1520","0.7301"
3,80,1,3,"ambient","oscillatory_local","0.0200","0.0000","0.5405","0.5405","0.9090","0.7545","0.0000","0.0000",NA,"0.9292"
3,80,1,3,"goix_subsampling","oscillatory_local","0.0289","2653.9400","0.0000","0.0000","0.9055","0.7396","-0.0149","-0.0035",NA,"12.2856"
3,80,1,3,"mds","oscillatory_local","0.0582","43744.6600","0.0000","0.0000","0.5405","0.1540","-0.6005","-0.3685","0.3583","0.2526"
3,80,1,3,"isomap","oscillatory_local","0.0586","46518.5600","0.0000","0.0000","0.5903","0.2047","-0.5498","-0.3187","0.2623","0.6222"
3,80,5,3,"ambient","oscillatory_local","0.0042","0.0000","0.4842","0.5124","0.9629","0.8534","0.0000","0.0000",NA,"0.9140"
3,80,5,3,"goix_subsampling","oscillatory_local","0.0356","8118.8400","0.0000","0.0000","0.9469","0.7978","-0.0556","-0.0159",NA,"12.2170"
3,80,5,3,"mds","oscillatory_local","0.0618","47913.0000","0.0000","0.0000","0.5700","0.1653","-0.6882","-0.3928","0.2956","0.2523"
3,80,5,3,"isomap","oscillatory_local","0.0599","49652.8800","0.0000","0.0000","0.6582","0.2862","-0.5672","-0.3046","0.1512","0.6136"
3,80,10,3,"ambient","oscillatory_local","0.0005","0.0200","0.4549","0.6677","0.9687","0.8657","0.0000","0.0000",NA,"0.9123"
3,80,10,3,"goix_subsampling","oscillatory_local","0.0362","9734.9000","0.0000","0.0000","0.9353","0.6656","-0.2001","-0.0334",NA,"12.2134"
3,80,10,3,"mds","oscillatory_local","0.0609","47892.0200","0.0000","0.0000","0.5439","0.1557","-0.7100","-0.4248","0.2820","0.2565"
3,80,10,3,"isomap","oscillatory_local","0.0621","52399.0600","0.0000","0.0000","0.6754","0.2774","-0.5882","-0.2933","0.1323","0.6220"
3,200,1,3,"ambient","oscillatory_local","0.0184","0.0000","0.5415","0.5415","0.9371","0.7902","0.0000","0.0000",NA,"2.1291"
3,200,1,3,"goix_subsampling","oscillatory_local","0.0290","2581.4800","0.0000","0.0000","0.9253","0.7667","-0.0235","-0.0118",NA,"12.3281"
3,200,1,3,"mds","oscillatory_local","0.0594","45740.6400","0.0000","0.0000","0.5530","0.1515","-0.6387","-0.3841","0.3641","0.2798"
3,200,1,3,"isomap","oscillatory_local","0.0609","49506.5600","0.0000","0.0000","0.6000","0.2535","-0.5367","-0.3371","0.2069","0.6443"
3,200,5,3,"ambient","oscillatory_local","0.0015","0.0000","0.5729","0.6575","0.9730","0.8797","0.0000","0.0000",NA,"2.0533"
3,200,5,3,"goix_subsampling","oscillatory_local","0.0357","7447.5000","0.0000","0.0000","0.9563","0.8195","-0.0602","-0.0167",NA,"12.2972"
3,200,5,3,"mds","oscillatory_local","0.0612","48121.7600","0.0000","0.0000","0.5536","0.1544","-0.7253","-0.4194","0.3068","0.2722"
3,200,5,3,"isomap","oscillatory_local","0.0617","52135.7400","0.0000","0.0000","0.6781","0.3157","-0.5641","-0.2949","0.1356","0.6444"
3,200,10,3,"ambient","oscillatory_local","4.0460e-05","0.0000","0.9001","0.9520","0.9774","0.8936","0.0000","0.0000",NA,"2.0555"
3,200,10,3,"goix_subsampling","oscillatory_local","0.0363","9724.5400","0.0000","0.0000","0.9465","0.7084","-0.1852","-0.0309",NA,"12.2669"
3,200,10,3,"mds","oscillatory_local","0.0622","49151.7400","0.0000","0.0000","0.5513","0.1588","-0.7349","-0.4261","0.2939","0.2746"
3,200,10,3,"isomap","oscillatory_local","0.0626","53023.1600","0.0000","0.0000","0.6947","0.3021","-0.5915","-0.2827","0.1245","0.6434"
3,400,1,3,"ambient","oscillatory_local","0.0168","0.0000","0.5456","0.5476","0.9473","0.8094","0.0000","0.0000",NA,"4.8266"
3,400,1,3,"goix_subsampling","oscillatory_local","0.0288","2552.7600","0.0000","0.0000","0.9284","0.7678","-0.0416","-0.0189",NA,"12.3773"
3,400,1,3,"mds","oscillatory_local","0.0619","47591.1600","0.0000","0.0000","0.5510","0.1547","-0.6548","-0.3963","0.3670","0.3091"
3,400,1,3,"isomap","oscillatory_local","0.0622","51391.0000","0.0000","0.0000","0.6355","0.3084","-0.5010","-0.3118","0.1773","0.6813"
3,400,5,3,"ambient","oscillatory_local","0.0007","0.0000","0.7450","0.8278","0.9762","0.8922","0.0000","0.0000",NA,"4.6918"
3,400,5,3,"goix_subsampling","oscillatory_local","0.0355","7884.7600","0.0000","0.0000","0.9576","0.8281","-0.0641","-0.0185",NA,"12.3135"
3,400,5,3,"mds","oscillatory_local","0.0640","51251.6800","0.0000","0.0000","0.5516","0.1576","-0.7346","-0.4245","0.3110","0.3086"
3,400,5,3,"isomap","oscillatory_local","0.0611","51870.1200","0.0000","0.0000","0.6902","0.3314","-0.5608","-0.2860","0.1307","0.6741"
3,400,10,3,"ambient","oscillatory_local","1.2925e-05","0.0000","0.9822","0.9907","0.9803","0.9014","0.0000","0.0000",NA,"4.6756"
3,400,10,3,"goix_subsampling","oscillatory_local","0.0365","9865.5000","0.0000","0.0000","0.9517","0.7266","-0.1748","-0.0287",NA,"12.2678"
3,400,10,3,"mds","oscillatory_local","0.0611","48476.4400","0.0000","0.0000","0.5456","0.1551","-0.7463","-0.4348","0.2975","0.3211"
3,400,10,3,"isomap","oscillatory_local","0.0621","52308.0200","0.0000","0.0000","0.7044","0.3117","-0.5897","-0.2760","0.1213","0.6830"
5,80,1,5,"ambient","oscillatory_local","0.0237","0.0000","0.5426","0.5426","0.8971","0.7356","0.0000","0.0000",NA,"0.9435"
5,80,1,5,"goix_subsampling","oscillatory_local","0.0301","2796.8400","0.0000","0.0000","0.8958","0.7335","-0.0021","-0.0013",NA,"12.3202"
5,80,1,5,"mds","oscillatory_local","0.0421","26859.8200","0.0000","0.0000","0.6193","0.2070","-0.5286","-0.2778","0.2845","0.2820"
5,80,1,5,"isomap","oscillatory_local","0.0425","28879.6200","0.0000","0.0000","0.6643","0.2631","-0.4725","-0.2328","0.2330","0.6536"
5,80,5,5,"ambient","oscillatory_local","0.0041","0.0000","0.4882","0.5104","0.9417","0.8059","0.0000","0.0000",NA,"0.9163"
5,80,5,5,"goix_subsampling","oscillatory_local","0.0375","8461.5600","0.0000","0.0000","0.9310","0.7638","-0.0422","-0.0107",NA,"12.2714"
5,80,5,5,"mds","oscillatory_local","0.0435","29836.2600","0.0000","0.0000","0.5697","0.1672","-0.6388","-0.3720","0.2274","0.2757"
5,80,5,5,"isomap","oscillatory_local","0.0444","30841.0000","0.0000","0.0000","0.7010","0.2810","-0.5250","-0.2407","0.1760","0.6420"
5,80,10,5,"ambient","oscillatory_local","0.0002","0.0400","0.4438","0.6860","0.9475","0.7999","0.0000","0.0000",NA,"0.9335"
5,80,10,5,"goix_subsampling","oscillatory_local","0.0394","11179.4000","0.0000","0.0000","0.9238","0.6567","-0.1432","-0.0237",NA,"12.2381"
5,80,10,5,"mds","oscillatory_local","0.0437","30294.8200","0.0000","0.0000","0.5731","0.1748","-0.6251","-0.3744","0.2083","0.2718"
5,80,10,5,"isomap","oscillatory_local","0.0454","32733.5600","0.0000","0.0000","0.6954","0.2663","-0.5336","-0.2521","0.1596","0.6379"
5,200,1,5,"ambient","oscillatory_local","0.0222","0.0000","0.5426","0.5426","0.9308","0.7794","0.0000","0.0000",NA,"2.1398"
5,200,1,5,"goix_subsampling","oscillatory_local","0.0300","3025.1600","0.0000","0.0000","0.9193","0.7585","-0.0209","-0.0115",NA,"12.3765"
5,200,1,5,"mds","oscillatory_local","0.0443","30423.5600","0.0000","0.0000","0.5551","0.1562","-0.6231","-0.3756","0.2907","0.2902"
5,200,1,5,"isomap","oscillatory_local","0.0427","28887.1800","0.0000","0.0000","0.6690","0.2802","-0.4992","-0.2618","0.2163","0.6602"
5,200,5,5,"ambient","oscillatory_local","0.0011","0.0000","0.5628","0.6466","0.9583","0.8424","0.0000","0.0000",NA,"2.0739"
5,200,5,5,"goix_subsampling","oscillatory_local","0.0376","8698.9600","0.0000","0.0000","0.9434","0.7982","-0.0442","-0.0149",NA,"12.3027"
5,200,5,5,"mds","oscillatory_local","0.0445","31118.0800","0.0000","0.0000","0.5756","0.1657","-0.6767","-0.3828","0.2375","0.2931"
5,200,5,5,"isomap","oscillatory_local","0.0439","31247.8600","0.0000","0.0000","0.7248","0.3183","-0.5241","-0.2336","0.1606","0.6597"
5,200,10,5,"ambient","oscillatory_local","1.4516e-05","0.0000","0.9284","0.9721","0.9614","0.8406","0.0000","0.0000",NA,"2.0775"
5,200,10,5,"goix_subsampling","oscillatory_local","0.0389","11525.1200","0.0000","0.0000","0.9344","0.6901","-0.1505","-0.0269",NA,"12.2499"
5,200,10,5,"mds","oscillatory_local","0.0443","30965.5400","0.0000","0.0000","0.5626","0.1645","-0.6760","-0.3987","0.2215","0.3025"
5,200,10,5,"isomap","oscillatory_local","0.0432","30323.9400","0.0000","0.0000","0.6960","0.2701","-0.5705","-0.2654","0.1507","0.6571"
5,400,1,5,"ambient","oscillatory_local","0.0220","0.0000","0.5426","0.5466","0.9448","0.8059","0.0000","0.0000",NA,"4.8546"
5,400,1,5,"goix_subsampling","oscillatory_local","0.0300","2975.6000","0.0000","0.0000","0.9269","0.7725","-0.0333","-0.0179",NA,"12.3283"
5,400,1,5,"mds","oscillatory_local","0.0440","30910.2200","0.0000","0.0000","0.5626","0.1592","-0.6467","-0.3822","0.2914","0.3319"
5,400,1,5,"isomap","oscillatory_local","0.0432","29998.9600","0.0000","0.0000","0.6854","0.2990","-0.5068","-0.2594","0.2006","0.6903"
5,400,5,5,"ambient","oscillatory_local","0.0004","0.0000","0.7717","0.8623","0.9666","0.8611","0.0000","0.0000",NA,"4.7561"
5,400,5,5,"goix_subsampling","oscillatory_local","0.0377","8951.9800","0.0000","0.0000","0.9523","0.8172","-0.0439","-0.0143",NA,"12.2925"
5,400,5,5,"mds","oscillatory_local","0.0443","30913.6400","0.0000","0.0000","0.5694","0.1669","-0.6942","-0.3972","0.2407","0.3275"
5,400,5,5,"isomap","oscillatory_local","0.0446","32398.3200","0.0000","0.0000","0.7344","0.3398","-0.5213","-0.2321","0.1539","0.6949"
5,400,10,5,"ambient","oscillatory_local","5.1665e-07","0.0000","0.9943","0.9976","0.9667","0.8575","0.0000","0.0000",NA,"4.7305"
5,400,10,5,"goix_subsampling","oscillatory_local","0.0387","11046.9600","0.0000","0.0000","0.9419","0.7162","-0.1414","-0.0248",NA,"12.3597"
5,400,10,5,"mds","oscillatory_local","0.0442","31194.3000","0.0000","0.0000","0.5468","0.1555","-0.7020","-0.4199","0.2271","0.3377"
5,400,10,5,"isomap","oscillatory_local","0.0438","31875.3400","0.0000","0.0000","0.7029","0.2771","-0.5805","-0.2637","0.1449","0.6962"
10,80,1,10,"ambient","oscillatory_local","0.0259","0.0000","0.5054","0.5054","0.8916","0.7309","0.0000","0.0000",NA,"0.9505"
10,80,1,10,"goix_subsampling","oscillatory_local","0.0322","3151.1200","0.0000","0.0000","0.8878","0.7270","-0.0039","-0.0038",NA,"12.3582"
10,80,1,10,"mds","oscillatory_local","0.0237","4984.8800","0.0000","0.0000","0.7886","0.5582","-0.1727","-0.1030","0.2388","0.3240"
10,80,1,10,"isomap","oscillatory_local","0.0204","8740.3400","0.0000","0.0000","0.7700","0.4494","-0.2815","-0.1216","0.1875","0.6909"
10,80,5,10,"ambient","oscillatory_local","0.0029","0.0000","0.5204","0.5426","0.9266","0.7866","0.0000","0.0000",NA,"0.9299"
10,80,5,10,"goix_subsampling","oscillatory_local","0.0384","9748.3200","0.0000","0.0000","0.9198","0.7619","-0.0247","-0.0067",NA,"12.2965"
10,80,5,10,"mds","oscillatory_local","0.0215","11144.6600","0.0000","0.0000","0.6145","0.1979","-0.5886","-0.3120","0.1569","0.3156"
10,80,5,10,"isomap","oscillatory_local","0.0198","10254.2400","0.0000","0.0000","0.7654","0.3338","-0.4527","-0.1612","0.1575","0.6903"
10,80,10,10,"ambient","oscillatory_local","0.0002","0.0000","0.5043","0.7079","0.9338","0.7751","0.0000","0.0000",NA,"0.9242"
10,80,10,10,"goix_subsampling","oscillatory_local","0.0404","12560.0000","0.0000","0.0000","0.9148","0.6631","-0.1120","-0.0190",NA,"12.2408"
10,80,10,10,"mds","oscillatory_local","0.0191","9316.6600","0.0000","0.0000","0.6100","0.1912","-0.5839","-0.3239","0.1388","0.3211"
10,80,10,10,"isomap","oscillatory_local","0.0216","11046.7800","0.0000","0.0000","0.7342","0.2764","-0.4987","-0.1997","0.1521","0.6864"
10,200,1,10,"ambient","oscillatory_local","0.0231","0.0000","0.5054","0.5054","0.9228","0.7718","0.0000","0.0000",NA,"2.1625"
10,200,1,10,"goix_subsampling","oscillatory_local","0.0314","3087.6000","0.0000","0.0000","0.9100","0.7445","-0.0273","-0.0128",NA,"12.3687"
10,200,1,10,"mds","oscillatory_local","0.0241","10121.3400","0.0000","0.0000","0.7179","0.3417","-0.4302","-0.2049","0.2899","0.3438"
10,200,1,10,"isomap","oscillatory_local","0.0208","9151.0600","0.0000","0.0000","0.7750","0.4239","-0.3479","-0.1478","0.1874","0.7097"
10,200,5,10,"ambient","oscillatory_local","0.0006","0.0000","0.6193","0.7080","0.9484","0.8195","0.0000","0.0000",NA,"2.1074"
10,200,5,10,"goix_subsampling","oscillatory_local","0.0387","9609.2000","0.0000","0.0000","0.9373","0.7877","-0.0318","-0.0111",NA,"12.3060"
10,200,5,10,"mds","oscillatory_local","0.0192","9971.2000","0.0000","0.0000","0.5938","0.1849","-0.6346","-0.3546","0.1669","0.3391"
10,200,5,10,"isomap","oscillatory_local","0.0188","9750.4200","0.0000","0.0000","0.7569","0.3431","-0.4764","-0.1915","0.1606","0.6968"
10,200,10,10,"ambient","oscillatory_local","7.6207e-06","0.0000","0.9509","0.9764","0.9568","0.8285","0.0000","0.0000",NA,"2.1069"
10,200,10,10,"goix_subsampling","oscillatory_local","0.0401","11856.6000","0.0000","0.0000","0.9379","0.7321","-0.0964","-0.0189",NA,"12.2477"
10,200,10,10,"mds","oscillatory_local","0.0212","11190.4600","0.0000","0.0000","0.5865","0.1764","-0.6520","-0.3703","0.1511","0.3418"
10,200,10,10,"isomap","oscillatory_local","0.0198","10327.6000","0.0000","0.0000","0.7212","0.2847","-0.5437","-0.2356","0.1566","0.7048"
10,400,1,10,"ambient","oscillatory_local","0.0226","0.0000","0.5145","0.5165","0.9367","0.7966","0.0000","0.0000",NA,"4.9279"
10,400,1,10,"goix_subsampling","oscillatory_local","0.0315","3097.7600","0.0000","0.0000","0.9139","0.7519","-0.0447","-0.0227",NA,"12.2610"
10,400,1,10,"mds","oscillatory_local","0.0226","10673.4800","0.0000","0.0000","0.6576","0.2467","-0.5499","-0.2791","0.3212","0.3727"
10,400,1,10,"isomap","oscillatory_local","0.0199","8677.8600","0.0000","0.0000","0.7765","0.4353","-0.3614","-0.1601","0.1818","0.7312"
10,400,5,10,"ambient","oscillatory_local","0.0002","0.0000","0.8241","0.8978","0.9569","0.8376","0.0000","0.0000",NA,"4.8169"
10,400,5,10,"goix_subsampling","oscillatory_local","0.0387","9643.3200","0.0000","0.0000","0.9383","0.7938","-0.0439","-0.0187",NA,"12.3680"
10,400,5,10,"mds","oscillatory_local","0.0190","9852.5200","0.0000","0.0000","0.5838","0.1781","-0.6596","-0.3731","0.1717","0.3823"
10,400,5,10,"isomap","oscillatory_local","0.0192","9887.5000","0.0000","0.0000","0.7671","0.3424","-0.4952","-0.1898","0.1620","0.7406"
10,400,10,10,"ambient","oscillatory_local","7.8657e-07","0.0000","0.9913","0.9984","0.9650","0.8503","0.0000","0.0000",NA,"4.8076"
10,400,10,10,"goix_subsampling","oscillatory_local","0.0406","12431.8200","0.0000","0.0000","0.9445","0.7628","-0.0875","-0.0205",NA,"12.3262"
10,400,10,10,"mds","oscillatory_local","0.0207","11110.7400","0.0000","0.0000","0.5976","0.1791","-0.6713","-0.3674","0.1564","0.3789"
10,400,10,10,"isomap","oscillatory_local","0.0195","10056.3000","0.0000","0.0000","0.7224","0.2818","-0.5685","-0.2427","0.1592","0.7374"
