"original_dim","representation","averaged_aumvc_normalized","averaged_minimum_hit_count","averaged_zero_occupancy","averaged_low_occupancy","averaged_roc_auc","averaged_pr_auc","averaged_pr_delta_ambient","averaged_roc_delta_ambient","averaged_embedding_oos_stress","averaged_runtime_seconds"
9,"ambient","0.0122","1081.0400","0.0536","0.1312","0.9912","0.8026","0.0000","0.0000",NA,"0.2988"
9,"goix_subsampling","0.0184","626.8600","0.0058","0.0265","0.9940","0.9660","0.1634","0.0028",NA,"11.9788"
9,"mds","0.0158","4094.7600","0.1221","0.1904","0.9877","0.7685","-0.0341","-0.0036","0.0763","0.2596"
9,"isomap","0.0136","2751.4800","0.1582","0.2136","0.9678","0.6646","-0.1380","-0.0234","0.0988","0.6327"
96,"ambient","0.0235","1862.2800","0.2221","0.3227","0.7583","0.6638","0.0000","0.0000",NA,"0.6585"
96,"goix_subsampling","0.0546","8323.4000","0.0000","0.0000","0.8119","0.7038","0.0400","0.0536",NA,"4.8904"
96,"mds","0.0614","40336.0200","0.0000","0.0000","0.7229","0.6273","-0.0365","-0.0354","0.1249","0.1251"
96,"isomap","0.0576","33336.2200","0.0000","0.0000","0.7606","0.6391","-0.0247","0.0022","0.1234","0.1182"
784,"ambient","0.0096","0.0000","0.6929","0.7281","0.8825","0.4147","0.0000","0.0000",NA,"6.1549"
784,"goix_subsampling","0.0536","1318.6400","0.0000","0.0000","0.8907","0.5840","0.1694","0.0082",NA,"11.4106"
784,"mds","0.0435","20017.3600","0.0000","0.0000","0.8477","0.4568","0.0421","-0.0348","0.3224","0.3622"
784,"isomap","0.0370","14274.8600","0.0000","0.0000","0.8529","0.4124","-0.0022","-0.0296","0.1714","0.7105"
